Rank,Feature,Importance
1,MEDHHINC21,0.344832671909893
2,PCT_18YOUNGER20,0.10617056317102529
3,PCT_NHBLACK20,0.0927075184285246
4,FSRPTH20,0.06528959368699294
5,PCT_NHASIAN20,0.06230084608281945
6,POVRATE21,0.0595295658889419
7,PCT_HISP20,0.0461825640182004
8,CONVSPTH20,0.042746813637924416
9,PC_SNAPBEN22,0.037756698520030184
10,PCT_65OLDER20,0.03655511489835458
11,PCT_NHWHITE20,0.029838836735349785
12,PCT_LACCESS_LOWI19,0.028763322239512265
13,FFRPTH20,0.02454851341551991
14,DEEPPOVRATE21,0.02277737736691122
