Outer_Fold,Stack_Fold,best_iteration,effective_n_estimators,early_stopping_validation_RMSE,reached_boosting_ceiling,retained_predictors
1,1,766,767,2.9312235578444588,False,14
1,2,772,773,2.6586557493227967,False,14
1,3,753,754,2.9426967286952426,False,14
2,1,490,491,2.8242287402961725,False,14
2,2,559,560,2.9059965150972715,False,14
2,3,566,567,2.4670767245551133,False,14
3,1,490,491,2.7370656849928583,False,14
3,2,545,546,2.7393737134896385,False,14
3,3,482,483,2.7397308249903425,False,14
4,1,630,631,2.951632145024782,False,14
4,2,387,388,2.9009127337666714,False,14
4,3,589,590,2.9963613452612736,False,14
5,1,591,592,2.7290881852789988,False,14
5,2,796,797,2.6768210743439917,False,14
5,3,602,603,2.7293110817186017,False,14
