Model,Outer_Fold,MAE_V1,RMSE_V1,R2_V1,MAE_V2,RMSE_V2,R2_V2,MAE_improved,RMSE_improved,R2_improved
XGBoost,1,2.3129667425079594,2.947242806931796,0.6096721043128,2.2656136830647786,2.9067572820699987,0.6203221202093341,True,True,True
XGBoost,2,2.241403124016818,2.879206122102629,0.6451051156724947,2.2504953910669454,2.8775020169829713,0.6455250920060833,False,True,True
XGBoost,3,2.233055380010529,2.938072973645877,0.6066370047871736,2.1909422708660413,2.8978844272448505,0.6173246679282293,True,True,True
XGBoost,4,2.079737693993479,2.600912187491486,0.6724329156538573,2.0554237828110207,2.5937862847456823,0.6742253741577595,True,True,True
XGBoost,5,2.1181818242658648,2.730837503099474,0.5992382930503685,2.0912870683928615,2.696352224614874,0.6092960987725029,True,True,True
Stacking,1,2.2820375855903112,2.916613252733594,0.6177430000016731,2.2615220951109483,2.8931902274177044,0.6238580806288995,True,True,True
Stacking,2,2.2334391087755754,2.860287505628317,0.6497536621355683,2.2287844713101617,2.8472693553843036,0.6529345894931946,True,True,True
Stacking,3,2.2201956557661675,2.92091088119285,0.6112190659722521,2.1935548502693156,2.8877696635942662,0.619991382595233,True,True,True
Stacking,4,2.062115050014863,2.585644965642665,0.6762672330507699,2.0537913519324134,2.584215250796835,0.6766251457460437,True,True,True
Stacking,5,2.1109247309766417,2.729972053997544,0.5994922692751647,2.103047079924158,2.7023572466816095,0.6075538945371093,True,True,True
