FIPS,outer_fold,actual,lr_prediction
01001,1,38.4,38.54291328595193
01029,1,39.4,40.021657062617216
01035,1,44.7,44.4351209389359
01045,1,44.3,40.70523132120715
01051,1,36.4,38.83415591257562
01059,1,39.6,41.49701349465232
01061,1,38.2,41.020704336327626
01063,1,51.0,48.357315026103734
01065,1,44.4,44.97571835621071
01087,1,47.7,44.94576840952841
01089,1,35.7,35.892740787411725
01091,1,46.1,44.81393271458459
01097,1,42.2,41.66918504041821
01103,1,38.7,39.27231779676007
01105,1,50.0,46.851804639477685
01113,1,46.9,44.041566901664964
01127,1,42.9,40.27479672799651
02013,1,30.9,25.497284484505585
02020,1,29.6,31.510816534660794
02050,1,41.5,40.377368649869986
02066,1,32.6,36.436349319934905
02090,1,32.1,34.86146071143235
02122,1,32.0,34.49757892516629
02185,1,40.7,31.92110749425511
02188,1,38.0,38.88778000183272
02240,1,37.3,36.490564235360466
04011,1,32.5,37.62560767962439
04021,1,38.9,36.137804400894986
04027,1,42.3,37.99107179739365
05017,1,44.6,45.777965192463455
05025,1,41.0,38.98266782745284
05045,1,37.8,39.07935108944457
05047,1,40.1,40.42877596739733
05055,1,37.6,39.69562725180944
05059,1,38.6,39.82939853225816
05065,1,36.9,39.42551965957914
05075,1,41.5,40.613839676879806
05081,1,38.9,41.19153151377786
05101,1,39.5,38.73850437295407
05109,1,37.1,40.36807491004593
05117,1,38.3,39.027726129644776
05123,1,44.5,45.36460232660519
05125,1,37.2,37.57589166141967
05127,1,38.4,40.251923915904854
05129,1,40.8,40.33101651124363
05131,1,35.9,38.842982877039695
05133,1,41.5,41.63731317747529
05143,1,33.5,36.60462518958286
05145,1,40.4,39.74753347551525
06003,1,29.9,26.61680350780034
06011,1,32.2,38.4731893704284
06015,1,33.8,37.60153433909012
06019,1,39.0,35.92526160576407
06033,1,30.7,36.989561660763904
06049,1,30.0,37.210828057376375
06055,1,28.7,29.183243616755725
06063,1,29.1,34.40797376813934
06093,1,32.9,36.58238263197552
06105,1,32.4,34.27331100811473
06107,1,38.0,39.18145125827126
08003,1,31.9,37.756634946611356
08013,1,18.6,30.37435457054755
08017,1,27.6,38.19197150717046
08021,1,30.5,39.731640464143055
08023,1,33.7,37.57103502839566
08041,1,28.1,34.73945146758225
08049,1,24.9,29.34781531862209
08067,1,24.8,33.00062552979957
08073,1,30.3,38.53974754515934
08087,1,31.3,38.0421730987731
08091,1,24.8,27.75172406983667
08101,1,31.4,37.037953577985476
08105,1,26.4,37.08372347656413
08107,1,24.4,29.352386884552185
10001,1,39.3,38.24162766222065
12001,1,33.0,36.47692205045518
12003,1,37.6,39.62276224086235
12011,1,31.8,36.2853028565717
12017,1,34.5,35.92369591356551
12019,1,35.6,35.7943094802802
12023,1,38.3,39.68469695773531
12027,1,44.2,40.663262463035444
12039,1,44.3,43.95592896038622
12041,1,36.9,39.04114975386193
12063,1,42.7,41.12759274583983
12069,1,34.8,35.16929836351796
12085,1,27.6,33.363349836574585
12097,1,31.0,36.60516788731851
12107,1,39.8,41.81135047354444
12111,1,34.7,36.8943162196406
12115,1,28.8,31.474517837131433
13015,1,37.8,37.65281263799857
13027,1,42.1,42.81831693053997
13047,1,36.6,37.34587113457147
13059,1,37.0,38.01884465722835
13063,1,45.4,44.22371518614679
13065,1,44.9,43.98983476294888
13071,1,40.4,43.15583888670095
13075,1,40.7,43.62069756780022
13083,1,36.0,37.42837061546812
13089,1,33.5,37.886694990624356
13103,1,38.6,38.47710857724068
13107,1,42.7,43.40183801135988
13109,1,44.8,44.068580609019065
13115,1,40.1,39.05771801506385
13119,1,36.7,39.41647020274178
13121,1,30.0,34.31201885791042
13127,1,35.9,38.060601088403324
13129,1,40.0,39.193534128946695
13141,1,47.5,43.94302701154687
13143,1,33.8,38.76452328633873
13157,1,41.5,37.71346212940143
13163,1,44.2,44.19900071547299
13169,1,39.9,40.25912969566733
13185,1,39.5,43.45882468903932
13187,1,35.1,35.55121626414302
13199,1,40.7,42.61379401641425
13201,1,41.7,41.97555042556833
13215,1,41.7,42.13236189770537
13217,1,42.3,40.33307806849777
13235,1,43.5,41.21885123246382
13247,1,44.9,40.64200684727832
13257,1,37.5,40.20385740762127
13259,1,43.2,40.401305468066056
13267,1,46.1,43.78744038865284
13299,1,39.5,43.193985007217464
13301,1,44.6,44.14581807665782
13309,1,47.5,43.114009034404305
13311,1,35.5,36.0420344285771
13315,1,41.5,42.660963762685626
16001,1,28.7,34.58879439695951
16021,1,30.9,38.455021546727394
16023,1,35.7,40.677034953838366
16027,1,37.7,38.778563546981495
16041,1,33.1,41.691932813705876
16043,1,33.7,39.67595492451076
16047,1,37.4,39.16316235279631
16049,1,32.6,37.56496667567148
16057,1,29.1,36.26142260051515
16069,1,35.5,36.91542052901572
16075,1,37.4,39.44905364261521
16077,1,37.7,40.79938147858328
17013,1,34.6,35.43562491828665
17017,1,38.5,38.5436689151562
17021,1,36.4,38.06647789064195
17023,1,35.0,37.266975591847306
17027,1,35.3,35.29342813034894
17029,1,38.5,38.291164516054536
17035,1,37.2,37.10070092462379
17045,1,37.4,37.34470961720796
17047,1,37.2,39.187914113275745
17049,1,35.5,36.41904064573208
17067,1,35.1,38.07168668936364
17099,1,36.6,36.036170818002844
17109,1,39.3,36.88272411010772
17133,1,32.6,32.927815418444595
17165,1,39.6,39.335753593267306
17177,1,42.1,38.191814488251225
17181,1,37.6,38.079738279119994
17183,1,41.0,40.37568392784933
17185,1,37.6,37.787260094006854
17189,1,35.8,36.91574276464611
17195,1,35.3,37.51898007659226
18003,1,38.3,38.00212354564326
18007,1,40.3,39.11795994407035
18011,1,35.5,33.32837094593535
18021,1,42.3,37.568882334984686
18031,1,41.6,37.51071378397709
18075,1,42.1,40.10838094146844
18079,1,41.8,38.63671123737107
18093,1,39.8,38.93327172885424
18109,1,37.8,36.791530213832914
18113,1,36.5,38.0173820931408
18133,1,39.4,36.98638149558724
18139,1,41.5,38.148125811886615
18143,1,39.5,39.2623431749733
18149,1,40.1,38.310657658108106
18151,1,34.1,35.719717068147894
18165,1,40.8,38.94238607963492
18173,1,39.8,35.04670646361735
19007,1,43.3,39.23291217432409
19015,1,38.6,36.90363322508294
19017,1,39.5,36.074018048154706
19033,1,38.4,36.89587006919056
19047,1,44.5,38.92294559434009
19055,1,40.6,37.19244079038513
19057,1,36.6,38.34533230262056
19061,1,41.5,35.82193412837108
19071,1,36.3,36.38620912161106
19115,1,44.8,36.638818478871215
19117,1,41.1,38.06094219131785
19151,1,37.2,38.50608752904532
19155,1,42.6,37.306439534389696
19161,1,41.1,37.03135284190765
19165,1,35.0,36.7179809924429
19175,1,38.1,38.35745301453916
19185,1,39.3,40.37779478587608
20013,1,41.2,39.01616688711211
20033,1,38.7,39.0675663145367
20039,1,38.6,37.83321346360437
20045,1,37.7,35.73082958516315
20063,1,40.2,37.412678764472226
20091,1,31.6,32.42098282897126
20093,1,43.4,37.29619646220244
20097,1,35.4,37.2622793119162
20103,1,40.1,35.795432956599335
20113,1,35.3,36.243537619192914
20119,1,40.4,37.75120733636762
20123,1,40.1,37.43402979580999
20127,1,40.4,37.33006522199469
20163,1,38.3,38.11006891275581
20167,1,37.0,39.43960381671356
20169,1,37.9,37.58924052984635
20177,1,40.0,38.42023476541303
21027,1,40.1,40.227794317870334
21035,1,40.6,37.890334214898765
21065,1,42.2,40.7935271903671
21093,1,38.9,38.38827028491367
21103,1,40.6,39.46525221349789
21111,1,37.2,37.69523219987916
21117,1,34.7,36.982664560174534
21125,1,41.1,40.45544986935145
21133,1,40.6,41.89869478861785
21151,1,35.9,38.61881679001882
21157,1,38.5,37.612630472924444
21171,1,39.4,41.57707373446791
21173,1,42.3,40.23428048656371
21185,1,34.2,32.80078316196476
21189,1,41.2,42.871989209622114
21197,1,39.7,42.4343633416718
21207,1,40.0,41.63968677586995
21209,1,36.4,37.274969828570256
21215,1,36.9,34.72813204901455
21217,1,38.2,39.6879398325955
21229,1,37.4,38.192691479358544
21233,1,38.2,40.12805041413121
21235,1,41.4,42.74184828163578
22001,1,36.8,43.11731639868333
22009,1,45.8,44.21569009852232
22021,1,39.1,42.58009609516271
22035,1,51.3,47.369546932799565
22037,1,40.3,40.620737538669765
22045,1,43.4,42.847689042829764
22055,1,34.7,39.68005615386459
22057,1,42.7,39.63658748703164
22059,1,39.9,40.24040348560952
22081,1,46.4,44.614154905285744
22107,1,46.6,46.34852725510854
22111,1,43.9,42.0646937454637
23019,1,38.8,36.88033014265973
24027,1,26.9,24.970665376806295
24039,1,43.6,40.80085470758903
24043,1,42.3,36.88622520964076
25013,1,35.9,36.54144801486619
25023,1,30.2,31.864766933773957
25025,1,28.0,30.986553803744393
26003,1,34.7,36.09120439410949
26005,1,31.6,36.335941660456065
26009,1,34.8,35.491700581676106
26015,1,33.8,36.95894243756598
26023,1,39.6,38.298882102749594
26031,1,36.8,35.87171401071059
26035,1,42.3,39.44894961993821
26037,1,35.9,35.12425531560654
26055,1,30.8,34.91747915231776
26089,1,31.2,30.395633009530776
26093,1,35.4,32.80850427860562
26095,1,39.0,38.62552655535702
26129,1,38.3,38.06332830175218
26137,1,34.4,36.68358923238786
26143,1,35.4,35.39024871107148
26157,1,39.4,38.72873588462599
27001,1,36.2,35.572766789220815
27005,1,39.3,37.148083628034236
27019,1,33.1,32.730703432060594
27021,1,38.1,36.40753215404217
27029,1,39.2,38.00022377457259
27033,1,39.3,37.91126839469987
27047,1,40.6,35.81432201773401
27077,1,38.3,35.01810729811405
27087,1,44.3,40.015460499325684
27089,1,42.2,36.69580142532265
27105,1,40.7,38.27064247322119
27107,1,37.9,37.830548823684246
27115,1,38.9,36.73560010796148
27127,1,39.0,37.32832027978786
27133,1,37.8,37.39195208360616
27141,1,37.7,35.254858095396884
27149,1,37.9,37.34201980063842
27157,1,33.1,35.77904707840597
27173,1,39.6,37.55278661206289
28007,1,44.4,44.36568513640256
28011,1,45.6,47.0936627378991
28017,1,47.3,44.79183733520544
28035,1,43.9,42.488535206440936
28037,1,42.3,42.53606168574986
28039,1,40.4,40.846114326426644
28051,1,53.0,50.44000921759587
28063,1,52.2,48.668940026766606
28075,1,39.3,44.1893186737339
28085,1,42.9,43.353011902812995
28087,1,44.1,42.67259458762989
28097,1,45.5,43.74307210500625
28101,1,44.3,43.56118248907019
28113,1,46.1,46.29665363324752
28115,1,43.4,41.92863464899264
28121,1,36.3,37.99361320781695
28123,1,45.8,45.450940885166276
28125,1,49.8,48.03919862166607
28135,1,45.3,46.01140568830893
28137,1,40.4,41.195261451515236
28161,1,43.1,43.476784588241884
29003,1,42.1,38.61261705992659
29009,1,38.4,39.32876099063635
29061,1,37.4,40.13314620738018
29067,1,38.7,40.52580561682364
29069,1,43.1,41.754921746063324
29071,1,38.8,36.72008622511156
29073,1,38.6,37.39621415017888
29099,1,39.1,36.89705672406419
29125,1,38.8,38.19381070085174
29139,1,41.2,38.820669300083516
29157,1,37.3,38.5511804541422
29167,1,42.0,39.58426668777458
29173,1,40.0,38.23730630738274
29175,1,41.6,39.43238930643591
29179,1,40.6,40.07094246981716
29183,1,36.1,33.143271974020735
29186,1,36.7,36.82524139359116
29195,1,39.1,39.174896301104255
29207,1,45.2,40.11995112552964
29211,1,40.0,39.899324814585476
29223,1,41.4,40.17405739111308
30005,1,41.4,40.65898960809929
30019,1,31.9,37.83552508790788
30035,1,36.2,41.31203434365604
30051,1,37.4,39.265393186865616
30055,1,34.2,38.610033743083605
30059,1,33.7,35.36825257976291
30067,1,27.7,33.19728638807146
31009,1,39.4,37.83559979519344
31017,1,40.6,38.57696122921038
31025,1,38.1,36.263011483328405
31037,1,38.8,38.839330304959375
31039,1,39.7,37.27778801395214
31047,1,41.4,39.05657640801144
31049,1,38.5,36.51448951818336
31051,1,40.5,37.73552379827309
31075,1,36.6,37.20689968957711
31087,1,43.4,38.91994951889382
31095,1,39.9,37.202434756390005
31101,1,37.0,37.8336758740825
31111,1,39.4,37.69337914723953
31127,1,40.9,38.435873824855236
31139,1,41.4,38.706724920557576
31141,1,36.4,37.56360777800316
31149,1,41.0,37.75975390332882
31153,1,38.4,35.33261719011099
31159,1,41.7,36.573584804924245
31169,1,40.2,37.415851266256844
31171,1,36.9,38.15237127956889
31181,1,39.5,38.026652483873626
32005,1,30.5,32.050478353001324
32009,1,35.5,36.18249235953607
32027,1,34.8,37.650155926218254
32031,1,29.8,32.95567619585824
33013,1,30.7,33.14667306069925
33015,1,31.7,29.55289405970872
33019,1,32.3,35.775701314422385
34005,1,32.6,32.03444661774933
34017,1,30.7,29.58833768353343
34021,1,30.7,31.247729520831545
34025,1,29.3,28.81138462659331
35003,1,33.0,36.37632003806932
35006,1,38.3,38.973296285749484
35023,1,34.9,39.27833329646998
35025,1,35.5,40.47808218924018
35031,1,37.4,40.159429420560166
35035,1,38.8,38.718783049931645
35047,1,35.1,37.131801626527235
35049,1,23.1,32.48173928012882
35057,1,34.8,38.855399308383426
36021,1,33.0,33.61175518001582
36025,1,35.9,36.46202612592067
36043,1,37.8,36.918763271547014
36047,1,26.9,34.50113132801478
36083,1,34.6,34.36847917194551
36091,1,32.1,32.12327019152305
36101,1,36.6,37.62068131649921
36107,1,35.2,36.69333429950162
36115,1,36.0,36.63840631365478
37013,1,38.3,39.524462944763194
37057,1,34.5,38.77692730438694
37059,1,34.0,36.1780080350817
37065,1,40.5,44.69204164114124
37071,1,36.5,38.910317801290375
37077,1,37.5,39.460102964836
37085,1,39.4,40.36299686689959
37087,1,31.5,36.47157843079287
37109,1,33.2,35.673213198908655
37117,1,38.5,41.901492819967146
37131,1,40.3,42.981535767041606
37135,1,26.3,32.44694318154262
37149,1,32.2,34.98186537496695
37165,1,41.1,42.64260328694648
37169,1,33.1,37.13254330839737
37189,1,33.7,34.7716796977765
38005,1,42.1,42.76664759165045
38021,1,38.4,38.99662690105424
38033,1,40.9,38.782377153583006
38045,1,37.6,36.341720057907196
38051,1,40.9,35.382290419314934
38059,1,35.8,37.150908748844756
38063,1,39.2,35.92786306827442
38065,1,40.0,36.90858410962211
38081,1,36.0,35.95042737613435
38085,1,49.4,43.91411364356541
38091,1,37.2,35.2701570121671
38093,1,40.2,36.352639839271596
39003,1,47.1,39.88950118224293
39013,1,43.0,38.31228897754201
39031,1,40.5,40.3647767991863
39061,1,38.6,37.982037783186286
39085,1,40.9,34.20467693793743
39095,1,42.4,39.45048596125188
39097,1,41.7,36.596500674300465
39101,1,45.2,38.94135485395795
39113,1,41.5,38.75184083528223
39127,1,42.9,38.540708357664606
39141,1,42.2,39.09593696283687
39145,1,43.7,40.60058705651147
39151,1,38.3,37.56176315724287
39153,1,39.5,36.47714166977904
39167,1,44.7,37.57738623493071
39171,1,41.5,37.96720636836815
39175,1,40.0,36.82485405279939
40017,1,42.4,36.38035844934199
40021,1,44.3,39.378882611846045
40067,1,45.2,41.403316638011816
40071,1,44.0,38.925608366846454
40077,1,46.4,40.30849721766408
40087,1,37.9,36.807831413563
40093,1,41.6,39.32498522681178
40097,1,43.1,37.910888470444185
40105,1,41.2,38.41754476917755
40109,1,39.4,38.05500476605691
40121,1,41.4,38.548024686232786
40123,1,43.3,38.44132709487034
40133,1,43.0,40.72744905491829
40141,1,42.4,41.3807069419306
40145,1,43.5,36.75312100441358
41003,1,26.4,32.85338159409568
41025,1,34.8,38.30844241741419
41053,1,34.4,35.331314288169565
41065,1,32.9,36.038155815237985
41067,1,29.6,30.09808827586536
41071,1,34.5,34.527782846847764
42003,1,32.0,34.32144779386491
42023,1,38.0,36.138079522475735
42039,1,37.8,37.67756072034149
42043,1,34.3,35.74244483266473
42051,1,34.8,38.38594724803787
42063,1,40.1,37.79663781906894
42065,1,35.8,37.98870805349667
42069,1,33.2,35.46720780008323
42071,1,35.7,35.21891110786494
42075,1,37.3,35.74211191912258
42095,1,33.7,33.169426384789844
42125,1,38.2,35.25584390452197
44001,1,25.6,29.99731942653593
45007,1,38.5,38.85543378889527
45009,1,44.3,44.75929148356593
45013,1,27.9,33.873411881495585
45049,1,43.7,44.14806022379709
45065,1,38.3,37.98780816875166
45067,1,42.4,45.6034806103228
45081,1,38.9,40.73508641686541
46021,1,35.0,36.39486349128912
46023,1,38.5,41.35059577842019
46025,1,38.0,39.6335796546806
46037,1,37.8,37.27632993111736
46049,1,37.2,37.18802376671326
46077,1,34.2,37.933320766505005
46081,1,35.0,35.3690083202079
46085,1,39.9,41.76446272917478
46119,1,37.4,35.004476878257435
46123,1,41.2,38.92244768758441
46127,1,32.6,35.10134904477749
46129,1,34.8,38.015747794398365
46137,1,44.9,44.14038210930455
47015,1,36.2,39.15618923467195
47017,1,40.6,40.41002689859745
47035,1,37.4,37.01289147354041
47039,1,41.5,39.41120566405172
47041,1,41.7,39.86132652810343
47043,1,35.1,37.659265703758436
47051,1,39.0,37.922959516102814
47063,1,38.7,39.795166016891706
47079,1,39.4,39.42625874779521
47089,1,38.8,38.51838709318826
47091,1,39.1,39.321890677649215
47095,1,44.8,42.44865622224006
47103,1,40.5,39.83553022103246
47107,1,40.4,38.939723157393836
47111,1,40.4,40.55520747241176
47113,1,39.5,40.773572352465
47123,1,36.1,39.07728846865562
47131,1,40.9,39.97744602476726
47133,1,38.0,39.86289658602107
47187,1,28.7,29.724140931980095
48007,1,40.3,34.30588447123044
48019,1,36.0,34.071500294710106
48027,1,39.0,39.89695450421297
48029,1,37.3,36.67528498410178
48039,1,39.6,34.757854520354726
48045,1,43.3,38.424403376412535
48049,1,38.3,38.61861395331006
48053,1,41.7,34.7025520868215
48055,1,39.0,38.315298037336895
48067,1,38.6,40.87697809319754
48073,1,39.1,41.058474670194215
48077,1,34.5,36.39719826424955
48091,1,39.1,31.824815036829108
48093,1,39.1,38.76778805454892
48103,1,40.3,38.220592596109526
48115,1,42.6,40.015482061566765
48123,1,41.0,38.06572898561108
48131,1,42.6,40.510074775118106
48137,1,42.3,37.314293499440616
48141,1,39.3,38.34871652278022
48143,1,39.7,38.0283117030408
48145,1,42.7,41.183826478336776
48155,1,40.4,38.01999821481302
48163,1,41.6,39.78907559673576
48175,1,38.9,36.964846545422894
48197,1,37.1,39.77824342972031
48205,1,35.2,35.654065397003684
48251,1,41.6,36.59393404478848
48255,1,40.5,38.103728382578666
48259,1,32.8,31.346181501044747
48291,1,39.8,40.168689638302794
48299,1,38.5,34.313446085477224
48335,1,41.1,39.530829058376376
48339,1,35.4,34.65117554077871
48341,1,39.0,38.07327424865782
48389,1,42.7,37.56930088149724
48391,1,40.7,38.474276870899715
48395,1,37.9,40.88312803400196
48401,1,39.6,39.788145021515234
48411,1,39.4,37.89889185368828
48413,1,39.7,38.22718962547147
48449,1,40.2,40.73886104379491
48451,1,37.6,37.107079802076946
48465,1,42.1,39.01434679844277
48469,1,39.1,38.16828216844089
48477,1,37.1,36.53070808391176
48487,1,41.4,38.201462288987436
48489,1,48.8,40.67348804578044
48499,1,35.9,36.93713036364709
48507,1,47.7,42.10718134477016
49035,1,32.8,34.926292108016916
49047,1,34.5,40.958037256067904
49049,1,30.7,37.82259011587506
50005,1,29.7,36.9032233794929
50007,1,24.5,31.797801354505708
50017,1,26.7,35.2180864384846
51005,1,40.9,38.14936314588495
51021,1,39.5,36.84448913649118
51027,1,44.6,40.47582403603808
51031,1,42.5,39.1985002901502
51033,1,41.6,37.82486561466153
51037,1,40.7,41.81067924724879
51063,1,36.8,37.67358627830295
51073,1,36.6,34.880136766465284
51077,1,42.4,38.59284446361935
51089,1,43.4,40.66430917295851
51097,1,41.8,37.48909482798216
51103,1,40.6,35.21385529984774
51121,1,35.8,34.55803910101716
51125,1,34.8,36.47307537860776
51127,1,37.2,31.824862282659137
51137,1,36.8,33.28294587325996
51141,1,40.8,38.74018387204679
51143,1,43.9,39.654748619401296
51153,1,33.1,29.99247157529144
51169,1,38.6,39.98197057953267
51185,1,40.7,39.61908103926686
51195,1,41.7,40.19878487216618
51199,1,33.7,31.989571099315818
51640,1,41.1,38.03256366515922
51650,1,42.2,39.71381300939005
51660,1,40.4,36.35383707305099
51740,1,45.2,42.14418927784403
51830,1,37.7,30.660013491230576
53001,1,38.3,41.170082586602746
53011,1,32.6,33.45664087182713
53015,1,39.0,35.96671829687841
53017,1,37.8,37.00899125033952
53051,1,32.8,37.15704523091988
53059,1,35.8,34.52315207842628
53071,1,32.7,35.56290095073105
53073,1,28.2,33.65397426654891
54003,1,40.3,36.958614018397746
54007,1,39.5,39.287644991263434
54013,1,44.7,40.26191351216025
54023,1,41.1,38.53074513181626
54057,1,43.1,37.853012964424614
54071,1,38.5,37.90497259436395
54089,1,42.8,40.01399786271305
54093,1,37.9,37.09780841668993
54103,1,37.1,37.8990026324759
54109,1,46.0,41.438310409060726
55015,1,39.7,35.5149179842931
55027,1,40.5,35.9167846506327
55033,1,41.0,36.06149399433497
55049,1,39.4,35.76984107948297
55078,1,43.4,40.93606582529619
55095,1,40.0,35.719043826176375
55097,1,36.0,34.87089977130002
55099,1,42.1,36.10353715119817
55111,1,39.6,35.5919759232932
55125,1,35.1,31.913556146532493
55131,1,37.1,33.71072438004279
56009,1,37.0,36.83217875738142
56011,1,31.2,36.82067117785288
56027,1,36.9,37.26744149875716
56039,1,22.2,28.6118072435374
01015,2,38.3,40.52311168696866
01025,2,44.4,42.60877458528209
01037,2,42.8,40.01183887122278
01099,2,42.7,43.76170239932553
01115,2,33.0,38.69856854352978
01119,2,45.2,47.6857777442951
02164,2,38.2,40.04126959561002
02170,2,31.4,36.36834260817247
02290,2,39.5,40.15669174208837
04007,2,34.4,36.254799094519214
04013,2,32.7,34.56056624316792
04023,2,32.4,38.916661411992614
05003,2,42.1,42.64521018368579
05013,2,38.7,39.97550777209732
05023,2,36.6,37.65048352369606
05033,2,39.5,39.312788935937775
05057,2,41.2,44.020963278456534
05087,2,36.0,39.88715503856
05091,2,43.7,42.1760815472482
05103,2,42.5,42.76750338415773
05113,2,37.0,40.3553177966184
05135,2,38.0,39.999553539664554
06017,2,24.8,31.288713839413646
06025,2,38.5,38.95634346826582
06043,2,32.3,34.552828282467146
06047,2,34.5,38.50948575298561
06051,2,29.1,32.102864102276016
06065,2,34.0,33.67265953982817
06067,2,33.9,30.644939051801956
06069,2,29.1,32.302919616009426
06079,2,28.2,31.550395421003373
06081,2,21.4,18.506472036446787
06085,2,22.0,15.360787071963124
06089,2,28.7,35.923222564164604
06101,2,32.0,33.19772465714731
06103,2,32.5,38.628909103176795
06113,2,28.5,31.001669339662527
08005,2,25.7,33.204887509289776
08014,2,24.6,28.932902616460616
08027,2,26.8,33.83613114756474
08031,2,23.8,31.992735206345117
08035,2,20.9,28.277420302609187
08047,2,25.2,32.15538941236697
08053,2,25.9,31.23337528948419
08059,2,24.9,30.911594665588392
08061,2,30.0,38.09353950085031
08065,2,26.2,36.308099452836636
08071,2,31.6,36.695599496736236
08075,2,30.0,37.28892845535797
08081,2,29.6,37.551705747300396
08085,2,33.6,36.590557153218704
08089,2,31.6,38.90530818807523
08103,2,27.9,37.69511300755481
08115,2,29.8,38.40926969207061
08117,2,22.7,26.36895701167534
08123,2,31.2,35.3536861064563
12005,2,35.3,36.83498814956515
12057,2,31.4,36.37901270998645
12061,2,33.0,34.735152175066055
12065,2,37.9,39.659380985141944
12071,2,31.1,34.329714587703194
12075,2,38.5,39.71215655669705
12077,2,40.8,39.79217141639494
12079,2,36.5,42.63356303531241
12083,2,39.1,37.102308684681276
12091,2,33.6,35.679627783469634
12095,2,32.8,36.1080434557445
12105,2,41.6,38.62491360150214
12109,2,26.5,32.054421109253035
13003,2,42.1,42.894913863627536
13007,2,41.9,42.47310879497917
13055,2,39.0,41.94755257259071
13057,2,35.1,33.144025347044284
13073,2,36.0,35.407148626112274
13087,2,39.8,44.16335751872141
13091,2,44.6,42.92428450694333
13095,2,44.4,45.937237789952405
13113,2,31.3,33.30457562817219
13123,2,36.7,36.393504544750535
13133,2,39.2,37.84143822229227
13155,2,40.3,41.73284327661155
13165,2,44.5,42.75795204709273
13167,2,42.8,42.58461163014075
13171,2,41.5,40.288785669307146
13205,2,46.8,44.21007541757956
13209,2,42.7,42.22672496193708
13223,2,38.5,36.95073541027003
13233,2,41.7,41.475714628840834
13239,2,44.1,43.84235159752466
13241,2,36.7,34.66794027812672
13261,2,44.0,45.14810742103879
13263,2,43.9,41.99207941352507
13281,2,37.0,33.95066795346809
13287,2,43.7,45.12679247654792
13289,2,42.0,40.74993473567711
13305,2,41.3,42.047468736041765
13321,2,39.1,41.9775005847312
15007,2,22.8,25.229290976328347
15009,2,24.1,26.532129916506054
16007,2,33.6,39.89108521533588
16011,2,41.1,40.35798619308734
16019,2,35.2,38.93170042090021
16033,2,35.7,39.989092849220846
16035,2,32.8,35.606893900710425
16059,2,32.9,36.12340979176856
16063,2,36.5,40.02367298062688
17003,2,43.0,40.72903268572518
17019,2,35.5,34.214635140765026
17033,2,36.8,37.34729214765381
17051,2,37.2,38.10165560414481
17059,2,38.4,38.945130781154596
17061,2,37.5,39.20903837816416
17065,2,37.8,38.87954195327504
17077,2,39.0,38.767558861368315
17083,2,37.8,35.352782668238426
17085,2,34.2,34.55328640392561
17089,2,37.3,32.97863591520623
17111,2,34.2,32.56797544134309
17113,2,35.4,35.364436502011145
17119,2,35.8,36.807423772537774
17123,2,37.0,36.86190263352336
17125,2,35.2,37.545830103911605
17127,2,38.0,38.99172637483784
17135,2,36.2,37.67655268706332
17139,2,35.6,37.503870059069754
17149,2,37.3,38.975452136826995
17153,2,42.8,41.6044483685868
17161,2,37.4,37.50130059423228
17163,2,38.2,38.97168667152484
17179,2,35.2,36.70947721576584
18001,2,40.0,41.106986179628954
18035,2,39.8,38.60148842026327
18049,2,41.8,38.01453737393068
18057,2,27.9,31.09255611945194
18059,2,35.8,35.48971242898944
18103,2,42.1,38.72038499866192
18105,2,37.6,35.556977976100754
18117,2,41.7,39.04999121729891
18131,2,41.4,37.58309786385125
18155,2,39.5,39.19946611950809
18183,2,34.6,37.22594293612064
19001,2,41.9,37.93654986628251
19003,2,38.6,37.98651424544302
19009,2,41.7,36.58094873130285
19011,2,41.7,36.86958601182255
19013,2,39.1,37.63699468558748
19025,2,38.9,38.03021739069477
19039,2,42.5,38.563486238519644
19041,2,40.6,37.25416025665489
19043,2,40.6,37.47362449482533
19051,2,40.3,39.03536750738789
19059,2,36.9,33.741096841121006
19075,2,38.7,36.4722691004166
19079,2,35.4,37.00634214709064
19095,2,35.7,37.39266202063052
19099,2,39.2,37.26690282563891
19105,2,39.4,37.0186658677484
19113,2,37.3,36.34414186322636
19119,2,38.5,39.11153562669454
19121,2,38.2,36.284011982086845
19123,2,42.4,38.353595228799655
19125,2,38.3,36.69353966752606
19127,2,40.7,37.281257716351774
19131,2,44.9,37.65183808933885
19149,2,37.5,36.88164999958534
19153,2,38.9,35.6562219250076
19171,2,41.3,38.02672676041619
19179,2,42.0,38.799434580245006
19195,2,39.9,37.28959040222978
20001,2,41.3,38.8052209982123
20017,2,38.8,36.33017840742206
20021,2,42.0,39.062936799238464
20053,2,39.8,37.13782892617575
20061,2,37.0,41.04422801855712
20071,2,36.5,37.88620289219898
20099,2,43.6,40.37058789173072
20121,2,35.4,36.345930762020416
20129,2,38.6,37.56992873572308
20137,2,40.1,37.476818294888616
20143,2,36.9,38.07840196108862
20155,2,38.0,38.530058250256886
20161,2,35.2,35.95247535235032
20175,2,45.5,38.47149124219394
20191,2,39.8,38.688674488412744
20195,2,36.2,36.93465201145983
20197,2,41.2,36.7254790860452
21001,2,37.3,40.96294568088247
21009,2,40.7,40.098158777676105
21025,2,43.1,42.347426738722326
21029,2,38.1,37.68579807904386
21031,2,42.8,40.81842308600334
21039,2,40.8,38.51062191772765
21041,2,40.4,40.55541559856527
21047,2,41.8,42.14551644157032
21049,2,40.0,38.21804910806512
21051,2,43.2,43.67239930074629
21057,2,42.8,40.682358365799324
21063,2,42.2,41.420116689106365
21075,2,45.4,42.08785215449525
21077,2,40.3,39.951662816021326
21079,2,39.5,39.438227407035775
21083,2,40.5,40.17411471141565
21087,2,42.0,40.66350279281101
21095,2,44.7,43.38419061546237
21097,2,40.0,38.44552783764536
21101,2,40.3,39.1534442878281
21113,2,36.7,38.90123142018189
21123,2,42.3,39.77193132757546
21135,2,46.3,42.29187863676263
21139,2,41.1,39.28759681443009
21143,2,38.3,35.407274586956284
21145,2,41.6,37.61022185960845
21165,2,40.8,41.91773358802912
21175,2,38.7,40.26575878919884
21177,2,41.4,40.4257803367031
21179,2,34.4,38.470251528378384
21205,2,41.5,38.61727355058004
21211,2,36.1,36.771647482464
21223,2,38.6,37.146993397236095
21227,2,36.3,37.517449073990974
21239,2,35.1,35.429614164298535
22015,2,44.7,39.8591676165477
22017,2,45.9,43.62191592476632
22023,2,39.8,38.808587990769475
22039,2,46.3,44.58865879164065
22043,2,38.8,39.62488903331088
22087,2,44.1,43.0015970102359
22091,2,46.3,44.08542588798124
22103,2,35.1,37.31760741547644
23007,2,33.4,36.605582417953556
23009,2,28.3,34.080103344474324
23015,2,31.8,33.72007756341979
23017,2,36.7,38.047357155953584
24003,2,34.7,31.29349495697288
24005,2,33.2,34.91599990351087
24011,2,38.6,39.20941141192978
24015,2,37.6,36.027474122795056
24021,2,31.2,31.430805579876264
24023,2,37.3,36.593770189841365
24031,2,24.2,27.740988497526846
24045,2,36.7,38.41864619832056
24047,2,36.2,30.967022739354178
25001,2,26.5,29.589309886031828
25003,2,28.9,33.99608154521967
25007,2,28.6,28.42917544377409
25021,2,27.0,26.835706944053815
26011,2,38.3,37.84557035370001
26019,2,35.0,34.049699757663774
26021,2,40.0,37.85851349738837
26025,2,38.9,38.522442926839396
26027,2,35.1,37.44837737846647
26041,2,35.6,37.42840455883684
26059,2,36.8,38.58400326616301
26063,2,38.8,36.95187570863625
26075,2,39.7,37.913634294148515
26079,2,35.7,37.28715457079667
26081,2,33.5,35.96222048712969
26097,2,38.1,33.19882580713084
26109,2,37.3,36.1227628881552
26119,2,38.0,36.5025624990974
26125,2,29.7,31.708959702049434
26131,2,38.1,35.01700769606848
26149,2,37.4,38.54461888503489
26151,2,38.5,39.41662019001063
27013,2,42.1,35.53808988424373
27031,2,34.8,33.300573406016596
27039,2,37.6,36.09134340572167
27055,2,38.4,36.19992346584718
27059,2,38.6,36.47752704203451
27063,2,40.0,37.13171212249265
27067,2,36.6,37.84139266008558
27091,2,38.0,37.663506462872476
27099,2,40.7,37.643037370164684
27101,2,40.5,35.28632508842041
27109,2,35.4,33.55869282637234
27135,2,33.3,36.69937124282453
27137,2,36.7,35.80213671501186
27139,2,33.6,31.67941215092639
27143,2,40.7,36.68635796106171
27169,2,34.8,35.51358233049475
27171,2,37.2,34.60352336529667
28003,2,42.4,40.42729796218074
28009,2,43.6,42.56758544743581
28025,2,42.6,45.30092803893096
28041,2,42.6,41.638632322733145
28055,2,46.1,44.349687770889865
28057,2,37.8,39.68528753494889
28059,2,38.4,39.7229486233079
28067,2,43.4,43.36716249325737
28071,2,40.0,37.86397242344121
28077,2,43.3,43.82367967978517
28095,2,40.9,41.98855665483758
28105,2,41.1,40.973873177782764
28107,2,46.0,45.74724122565845
28109,2,40.3,40.30833831507194
28127,2,41.7,44.23247340283072
28143,2,50.1,50.07508277023659
28147,2,41.4,44.54243230572729
28157,2,49.3,46.208662323477995
29001,2,42.0,38.64415100190725
29025,2,40.0,39.687300868304035
29037,2,35.1,35.915361742984324
29043,2,36.7,37.655834076384984
29045,2,40.4,40.11421060338801
29053,2,41.1,38.726636599149565
29055,2,38.7,39.36843256099238
29063,2,42.3,38.52285728545863
29115,2,41.4,39.8977492438169
29121,2,36.9,39.66025367786339
29123,2,38.0,39.76486766820479
29135,2,39.8,39.87747931599668
29151,2,36.6,37.23486055711448
29153,2,44.2,39.25843245258117
29161,2,39.2,38.17650158993902
29181,2,42.8,41.75047349022877
29205,2,41.4,39.98144472124347
29219,2,37.6,36.85351946534855
29510,2,36.7,39.11919203392475
30031,2,23.7,33.13606547788766
30037,2,34.1,39.23557106173254
30041,2,34.9,39.31852221629132
30045,2,33.4,37.80547102038456
30061,2,35.1,37.4321327137551
30065,2,33.3,37.51864468940141
30075,2,33.2,35.98336164115211
30101,2,35.1,37.34052857438471
30103,2,31.0,38.5273039522457
30107,2,35.4,40.27115842975841
31007,2,39.0,38.2809524777928
31019,2,43.4,37.33544888402151
31021,2,40.6,37.70848165136899
31027,2,40.4,38.801404443474226
31031,2,42.0,38.64214770043898
31041,2,38.7,38.85998353912819
31055,2,35.8,36.633263377982416
31057,2,41.2,36.49595780679404
31113,2,37.9,38.251325949281025
31119,2,40.3,37.799632812240304
31133,2,39.2,38.28932756024186
31135,2,39.3,38.25757735249176
31143,2,40.2,36.54334929831161
31161,2,36.3,39.01187663877814
31165,2,40.9,38.951806906613896
31179,2,37.3,37.081043141693684
31185,2,38.9,36.57673622745623
32001,2,33.6,35.5774575985688
32007,2,35.5,36.57042492548954
32011,2,33.9,34.945606555497044
32017,2,32.1,38.71812221414882
32510,2,32.6,34.15417016911008
33007,2,35.9,36.26377396404441
33017,2,32.9,31.352255501006212
34007,2,32.8,34.660317549078556
34009,2,31.7,29.476040903459857
34019,2,26.5,26.727539222612084
34023,2,26.9,25.108048494838936
34027,2,25.9,25.33378954838718
34035,2,26.9,23.773741857322776
34039,2,28.0,33.49592122617356
35009,2,34.9,39.99796981398909
35017,2,35.0,36.80874949835405
35019,2,35.6,38.43038565270491
35029,2,38.7,40.59384407422917
35039,2,38.8,37.23550921089971
35043,2,31.1,35.23968116079879
35045,2,38.1,39.79547192015269
35051,2,33.7,37.07718119369874
35055,2,29.0,35.28743570602445
35061,2,35.5,38.5381068409451
36003,2,34.3,37.75866183857739
36009,2,36.5,37.811087358467404
36017,2,37.5,37.380857874436316
36019,2,41.8,36.47374762933854
36029,2,32.7,35.86488564323709
36033,2,36.6,38.05263132394204
36057,2,36.0,38.321258510681616
36059,2,26.9,25.688922666608942
36077,2,35.5,35.410223089075735
36093,2,34.3,34.91722865099638
36095,2,37.6,35.24059350453352
36123,2,35.3,37.177243304943204
37001,2,38.0,38.25765895592284
37007,2,43.1,42.46104586398729
37017,2,38.6,42.27210106788428
37027,2,35.0,39.3396854664364
37043,2,32.7,36.28079096046937
37053,2,33.2,33.928702802596064
37061,2,39.4,42.22235874970727
37083,2,41.2,43.901423276375745
37111,2,33.3,37.99775855090325
37141,2,31.3,36.88787129204052
37143,2,33.8,38.63228476377218
37157,2,37.8,40.26767878470868
37161,2,36.7,39.568696983276254
37163,2,38.5,41.6434987663512
37167,2,34.3,37.7219512221037
37179,2,31.1,35.577024007515824
37181,2,41.2,43.914692854899236
37191,2,39.1,41.3025454240857
37193,2,35.2,39.04038845673822
38017,2,34.1,36.618058124481244
38055,2,36.4,35.92752406453792
38057,2,36.3,36.274479755724954
38067,2,34.3,36.994836852701475
38079,2,45.4,42.492729299344404
38083,2,37.4,38.317302413399794
38101,2,37.4,36.990578101935625
38103,2,37.9,35.249434142279405
39015,2,42.6,39.016321507085834
39035,2,37.8,38.385286550426855
39037,2,40.1,38.43640014176216
39043,2,36.7,36.60534588108742
39055,2,36.3,33.39832125615299
39075,2,42.7,40.09006430713676
39083,2,35.8,37.730616696537
39119,2,41.2,39.12617219280554
39121,2,44.8,38.92624219175857
39133,2,38.5,35.575988022919276
39157,2,43.7,37.90906574986013
39159,2,37.4,32.79110991321711
40005,2,42.8,39.12630071296634
40011,2,43.6,38.89649306423033
40013,2,41.2,39.41706342014927
40029,2,43.2,40.05380961488473
40051,2,41.0,38.33811533709003
40059,2,43.2,39.50613703076445
40079,2,42.7,41.124898604940164
40081,2,42.3,39.32247981387394
40085,2,43.5,38.1132844419455
40103,2,40.5,37.928382395389384
40111,2,44.2,39.744434630795986
40125,2,42.6,38.55600421435588
40129,2,40.3,39.53314881497416
40131,2,40.9,36.18728283006254
41011,2,31.1,35.71197226659064
41015,2,31.7,33.36985457436457
41017,2,27.0,32.99841946757061
41021,2,31.8,34.95415258604813
41031,2,34.9,37.24566277609813
41035,2,38.4,37.699763146423024
41043,2,34.8,36.50362496551734
41045,2,38.3,38.32172739824471
41051,2,28.9,30.86129326307085
41059,2,37.8,37.93836073926207
42007,2,37.2,36.243066819989814
42013,2,36.2,36.99678317381902
42017,2,30.4,30.146036761694933
42025,2,34.4,36.55775229580639
42029,2,29.5,29.81442843890997
42031,2,35.7,37.2027391029768
42093,2,35.3,34.78392362806676
42101,2,34.5,38.09713822262078
42103,2,33.9,34.85426374747448
42107,2,39.0,36.888530495460635
42121,2,35.5,37.20557690014082
42123,2,34.6,37.232288679125915
42133,2,35.3,35.748874015668235
45003,2,37.0,39.43248368004049
45021,2,32.3,41.729095742285175
45043,2,33.9,37.612974736449594
45051,2,34.7,35.48643389855874
45057,2,36.0,37.539373016907014
45061,2,49.1,44.37141811845959
45063,2,39.0,37.887001598691626
45075,2,47.1,45.03554937585091
45083,2,36.4,38.79086362637067
46005,2,34.7,37.6560606262638
46009,2,36.0,37.76557309983428
46011,2,37.8,36.798326225892936
46045,2,35.6,37.35155127841757
46061,2,33.1,37.98480010345275
46067,2,34.1,39.238929815394364
46073,2,36.6,35.30428393080521
46087,2,34.7,37.725334379081005
46091,2,32.9,37.876579279853964
46093,2,33.3,38.41843661999583
46095,2,42.8,43.578153262533235
46099,2,33.9,36.621279113877044
46105,2,33.5,39.659827947261675
46117,2,33.7,37.092497275958294
46125,2,34.2,38.578735663889205
47001,2,38.3,37.838397677368675
47009,2,33.4,36.85405282749233
47011,2,39.2,38.440700940571745
47045,2,41.3,40.61509131860622
47055,2,38.2,39.27689696332867
47077,2,43.0,39.7008285494055
47085,2,37.7,38.88586327637926
47097,2,44.5,43.62293422895601
47099,2,41.0,41.049392305824426
47105,2,36.3,34.59399295622406
47119,2,40.7,37.4412781010037
47125,2,42.6,39.61812368732242
47127,2,36.5,36.932571516456676
47135,2,38.8,40.62578404896964
47145,2,39.4,37.689322213272
47155,2,39.4,36.63562896754372
47159,2,36.9,39.18976893729539
47165,2,38.4,37.10528237419676
47177,2,39.2,40.24488514674837
47179,2,37.1,36.78835229352295
48001,2,39.5,38.92408710916079
48003,2,39.0,38.32943023962355
48021,2,40.2,36.73186091309575
48023,2,35.9,39.876202770223834
48031,2,34.8,33.57870825671422
48035,2,37.0,37.381841811015114
48059,2,36.4,38.567420931494354
48063,2,39.9,40.93677180128319
48065,2,34.2,37.61546185888108
48071,2,38.7,36.65395373953978
48109,2,43.1,38.53867915068384
48135,2,40.3,38.957079618743954
48151,2,37.6,38.47245540055841
48183,2,39.9,39.511822356654534
48199,2,37.5,37.92467009248389
48213,2,37.3,38.70570785065787
48221,2,33.5,35.13056682786517
48235,2,35.7,37.684425648297434
48239,2,39.5,38.641031864315345
48243,2,39.6,34.99461140295552
48253,2,42.6,38.32759452467198
48263,2,34.9,37.18063663147779
48275,2,39.9,40.22219783904178
48285,2,37.7,39.17908895342048
48309,2,39.0,39.07569229453582
48311,2,42.7,35.31288373515475
48315,2,41.1,39.964008193400566
48321,2,41.2,40.72038717592416
48325,2,40.3,37.18015814437836
48333,2,34.9,37.65386557130269
48345,2,36.5,38.6568870210941
48351,2,42.1,41.595514472261904
48369,2,40.0,39.820053161254044
48373,2,40.4,38.49740325976474
48381,2,33.9,36.2666756591426
48383,2,39.4,38.280694700928755
48393,2,36.4,36.61477153475527
48415,2,39.1,39.82321351645267
48429,2,38.8,39.71998885717686
48455,2,38.9,39.113760255115174
48459,2,40.5,40.445196524200696
48461,2,41.6,40.58396164257612
48473,2,41.5,38.97229742792258
48493,2,42.1,35.410649941332956
48495,2,39.5,38.64383369154214
48501,2,40.7,38.007211949843665
48505,2,46.1,42.9832637312353
49009,2,33.8,38.22041765039699
49027,2,35.4,39.78894653911131
49037,2,37.3,41.69053131317611
49043,2,23.1,27.424569728715205
49045,2,39.0,37.67672052873637
50013,2,27.1,33.44340842333955
50027,2,25.6,34.51104844497202
51001,2,44.0,39.36424339227324
51013,2,25.9,24.48254868064091
51036,2,41.9,36.835430639903365
51043,2,34.1,32.49787925707992
51051,2,42.9,40.864435337103124
51059,2,27.0,23.02635298866892
51065,2,38.7,35.5663908807655
51067,2,33.5,37.16410877011474
51069,2,37.6,34.39503519761483
51079,2,36.8,35.69349369202792
51085,2,38.1,32.954881350676345
51091,2,33.8,37.45068604555849
51095,2,33.8,32.074889912621366
51115,2,33.3,34.146306644213894
51117,2,41.4,40.414731415435114
51119,2,40.1,34.313848778849
51133,2,38.8,35.873801187199
51149,2,41.2,36.143287864560214
51157,2,36.1,32.577953917968244
51179,2,37.0,32.14972982257125
51520,2,41.3,39.389895964316196
51590,2,45.7,43.42090529089896
51670,2,45.9,43.08729277017699
51680,2,39.5,38.601570333835745
51760,2,35.8,38.6422988107657
51790,2,39.9,36.64817634335679
51810,2,32.9,33.09629349840387
51820,2,38.1,38.019457666011725
53013,2,38.3,34.815683565544546
53027,2,36.5,36.49849824778798
53029,2,33.7,32.36735339269091
53033,2,22.8,24.601158996259585
53035,2,31.4,31.77531551339178
53055,2,25.9,30.277507277687324
53057,2,36.8,34.289785412353396
53067,2,33.6,32.94808656687316
53075,2,31.2,34.6374457966336
54011,2,41.8,37.96523859616941
54015,2,42.5,40.595405145317855
54017,2,43.3,38.56983777836021
54029,2,45.1,37.107633481070515
54031,2,42.9,38.47352606681047
54035,2,37.1,37.830223322792044
54039,2,40.3,37.46276944753169
54049,2,39.8,38.75125708361261
54065,2,38.5,36.151009234584365
54069,2,38.1,36.8286248767743
54073,2,41.3,37.392170668450966
54077,2,41.0,38.302403829588826
54079,2,38.1,37.055589075174005
54083,2,41.3,38.5018528395156
54085,2,40.8,38.398396067194
54091,2,40.3,38.718346005345204
54097,2,41.2,38.748653907388146
54099,2,45.6,39.60792963279382
54107,2,38.1,37.78950017098334
55013,2,43.1,34.836920361393645
55019,2,43.1,40.31913552955939
55025,2,31.6,32.97469970819877
55041,2,42.3,37.014681223928605
55051,2,37.2,33.951907563538015
55081,2,38.7,38.42399657529144
55087,2,39.5,35.07737251721737
55093,2,34.7,34.53887796447591
55101,2,40.0,36.9166782753972
55121,2,39.1,38.160068488811405
55123,2,40.4,39.214107922086825
56015,2,34.7,37.577567877082934
56017,2,38.8,36.82092687814769
56023,2,31.6,36.53608158607888
56033,2,31.6,36.119103064336535
56045,2,35.0,36.04610843811249
01005,3,43.8,43.310312201933456
01017,3,45.4,41.98339629902594
01027,3,39.6,41.096480903772424
01031,3,34.1,39.669900522637064
01041,3,40.3,42.3060266636783
01047,3,50.5,47.646110428613454
01075,3,38.3,40.53590257089783
01079,3,40.7,39.14697087668712
01107,3,43.8,42.43495607726205
01123,3,41.9,40.94983026298306
01131,3,48.5,47.95356500650709
02060,3,32.0,32.81151363373205
02063,3,30.4,32.30233866865707
02105,3,31.7,36.851891427423716
02158,3,46.0,43.5276670110393
02180,3,37.2,37.93918156028236
02220,3,32.3,31.901741835425618
04005,3,27.0,35.249556794644405
04009,3,40.4,40.911132404674554
04015,3,36.6,36.9003629490582
04019,3,32.8,35.586624033440415
05007,3,34.2,35.22912761345878
05019,3,40.4,40.388512908152634
05041,3,45.2,45.32246717130089
05049,3,39.0,40.918568404708694
05061,3,39.7,43.04643292116431
05067,3,40.6,42.277205796594856
05079,3,39.8,40.98974209810428
05089,3,36.8,38.769954755810176
05093,3,43.2,44.717319234819115
05095,3,43.4,43.62871714995429
05115,3,36.1,40.03750340625685
05119,3,38.4,40.5004582106479
05141,3,37.0,39.84862584288539
05147,3,41.3,43.01234185695673
06001,3,19.4,21.550802177217246
06009,3,29.4,33.77300067293099
06023,3,33.1,36.501321821696486
06037,3,26.2,29.81550743396131
06041,3,23.5,26.48183180985314
06045,3,29.4,35.4336199791179
06053,3,32.8,33.040134939243295
06057,3,29.9,32.48055333168833
06061,3,25.8,28.99874016738132
06071,3,35.1,34.06163041106671
06087,3,29.4,30.051226439385236
06115,3,32.6,37.32809291164446
08011,3,33.1,39.35531569812833
08025,3,33.3,38.49476517468953
08039,3,25.0,30.558332697286072
08051,3,23.7,33.0747982153113
08055,3,28.7,35.52283704407365
08057,3,28.4,32.131401189621556
08063,3,30.2,38.37396712059765
08083,3,30.2,36.77998614361506
08093,3,25.3,32.26414875793981
08097,3,21.1,25.796685079332313
08099,3,31.6,39.819699792148775
08109,3,30.3,37.85828516916367
08119,3,26.9,32.89393337573272
08121,3,26.8,38.17516924292868
08125,3,27.9,38.7554175026246
10003,3,37.6,35.08072620572883
10005,3,38.6,33.95969719561076
12007,3,38.8,40.011411089505344
12021,3,27.4,32.29796766132734
12033,3,32.6,38.81524228201956
12045,3,38.4,37.56291370685748
12053,3,33.4,36.29311626941709
12055,3,36.2,37.48848771578678
12073,3,33.1,38.0907451878441
12081,3,33.9,34.709513145199324
12101,3,34.7,36.551427009992494
12117,3,31.4,34.664845020259136
12123,3,42.8,40.814597315257274
12127,3,33.9,35.91683934609919
12129,3,37.3,36.84932670542078
13001,3,40.7,41.344453041426185
13005,3,41.3,43.16927182096275
13013,3,39.9,38.011364626113675
13021,3,48.5,43.63473465607787
13029,3,37.1,37.214985949121875
13037,3,46.6,44.310957669573966
13045,3,36.9,39.67144864823366
13061,3,44.8,44.16098328953568
13069,3,41.4,44.87328179608373
13085,3,34.7,33.85201551834058
13093,3,44.0,42.41606888008896
13097,3,42.8,40.793382509529195
13101,3,41.5,41.94710654273318
13105,3,42.4,42.23259991850588
13131,3,41.8,43.63128417508001
13137,3,36.8,38.171989006086285
13149,3,41.0,40.712538779362184
13159,3,39.5,40.06881389669486
13173,3,41.1,42.57608199545548
13195,3,39.0,39.82262572663826
13207,3,37.7,39.086827383533816
13211,3,36.1,38.00710820508516
13227,3,36.7,34.94738396426723
13245,3,44.4,43.1441400447971
13251,3,42.3,43.52010538092269
13255,3,40.2,41.71798099145512
13273,3,47.1,45.44807031348429
13283,3,43.4,43.7837809361193
13297,3,35.8,37.9949087487424
13303,3,43.0,44.105936270473364
13313,3,36.9,39.216425364090725
16003,3,31.5,36.65651705920287
16009,3,34.0,38.090526718970544
16017,3,26.7,35.96510526291431
16025,3,32.8,38.226465583418
16053,3,40.1,40.397382325885246
16055,3,34.3,36.52803187737116
16065,3,36.6,38.18383069471409
16071,3,32.2,40.367115971513506
16079,3,34.8,38.49004152382965
16081,3,28.8,34.445349791861986
16083,3,36.5,39.29399555169567
17001,3,39.5,37.50144086859652
17005,3,37.6,36.956037293472306
17007,3,39.5,37.10636099762076
17011,3,37.8,37.03082333138282
17039,3,36.5,36.73123140985668
17053,3,38.0,37.6984832119769
17063,3,35.1,34.84882046239938
17081,3,38.8,38.62373793871964
17093,3,36.4,33.89364394062333
17097,3,31.9,31.090598204374352
17145,3,39.5,38.397252875596635
17169,3,39.3,37.224748524968334
17173,3,37.2,38.18173561210858
17197,3,36.6,32.81412954772597
17199,3,38.4,37.84261957153172
18009,3,37.5,39.64628761478306
18013,3,36.9,35.09476477841974
18015,3,38.8,38.63328277416641
18029,3,35.1,36.11082475587091
18041,3,41.1,38.56039033408238
18045,3,39.0,38.27611973710335
18051,3,40.2,38.32847891323739
18063,3,38.9,34.21687359434141
18073,3,38.0,36.52031793185862
18083,3,38.2,38.247030206714015
18087,3,42.1,39.5034892732789
18095,3,39.6,39.16772725148454
18097,3,39.3,39.126480111463266
18119,3,39.9,38.1642815322258
18123,3,40.6,37.845888677396225
18125,3,41.7,40.03232522498269
18129,3,36.4,36.59135838425845
18163,3,39.3,38.50949225911824
18177,3,39.4,39.34424438967814
18181,3,39.3,37.743391211642944
19021,3,41.0,36.56291887232383
19037,3,37.7,37.20346616959332
19053,3,38.1,40.10440104773025
19069,3,41.0,38.444170157819364
19085,3,40.1,37.62083585726632
19089,3,37.3,38.846852913513445
19109,3,37.6,36.97571719566466
19135,3,37.5,37.96057503661454
19147,3,41.6,37.908485960611046
19159,3,41.2,38.779352665372286
19167,3,34.0,36.30835844032007
19169,3,35.5,34.729931939194415
19183,3,40.7,37.677671033154155
20005,3,40.5,38.72682987689858
20009,3,41.3,38.3495825283817
20011,3,42.5,39.62273949891877
20015,3,40.1,37.17456623007619
20019,3,40.3,38.8414606648492
20023,3,39.9,37.430920039317975
20025,3,38.9,38.138966075106815
20035,3,41.8,38.86255778716325
20043,3,39.0,38.44435992498148
20051,3,41.4,36.789484753149836
20055,3,43.5,38.072796612358616
20059,3,34.2,37.49666488880475
20065,3,38.3,38.63992655606971
20069,3,39.8,38.14781323177249
20073,3,39.7,39.35539767739893
20085,3,43.3,39.306598517830025
20089,3,40.5,38.11814646485659
20101,3,40.3,37.06904179129274
20107,3,38.6,39.276842480476006
20133,3,42.8,39.798692005334395
20135,3,37.8,37.033261005641556
20165,3,37.4,38.37483397050265
20179,3,37.8,38.85144416642058
20185,3,38.6,38.32708975904061
20187,3,43.2,38.63514331499436
20201,3,40.3,37.86347086941961
20203,3,40.9,38.16644720823713
20205,3,40.5,39.44792912991084
20209,3,41.5,40.08194697855725
21005,3,38.1,37.4741976076263
21015,3,38.5,35.199542323833306
21017,3,40.5,39.02795762889089
21037,3,35.5,35.712392057364156
21043,3,42.9,41.428997548028775
21107,3,40.7,40.0562220619813
21115,3,42.4,41.24128818936412
21129,3,43.3,42.36133297966498
21137,3,40.2,41.81638772942088
21141,3,40.2,40.353707565031335
21163,3,37.8,40.47019693937832
21169,3,41.7,41.430213644400204
21195,3,41.2,41.29551445689826
21199,3,39.3,40.37198696606352
21203,3,40.5,40.60535836743326
21221,3,40.3,39.9001203143816
21225,3,38.9,40.66784512081084
21237,3,44.7,42.82634563633212
22007,3,41.2,42.62656587832817
22013,3,46.6,44.817459434550216
22031,3,40.0,43.09268870591337
22051,3,39.7,38.31215127225259
22063,3,37.2,38.54200359122314
22115,3,39.5,41.2797005738868
22117,3,43.3,43.74939698702217
22119,3,45.7,43.35071905743642
23001,3,36.4,37.349371302668025
23011,3,33.6,36.311747932237935
23025,3,37.3,38.36042098678167
23031,3,29.5,33.330740185878845
24001,3,37.3,37.59761676066796
24009,3,33.9,31.11007829198194
24017,3,42.9,34.84993017207218
24019,3,41.8,39.252876853360064
24029,3,38.9,34.25758942787573
25027,3,32.7,32.49109174211283
26013,3,38.3,37.75818463846887
26043,3,32.3,37.190616781434024
26047,3,31.4,33.47344385076787
26071,3,37.1,37.06554161766274
26073,3,38.5,38.38817064287859
26083,3,34.3,34.04904524716538
26085,3,42.0,38.40845280593118
26091,3,42.4,36.94760655066138
26099,3,36.7,35.649679884918854
26101,3,38.0,36.67252523593556
26115,3,38.0,36.42492347457955
26121,3,43.0,39.13352227601775
26123,3,39.2,38.297760052636136
26133,3,38.7,39.17236763262388
26139,3,35.9,35.042201995073356
27027,3,35.1,38.21591033212799
27037,3,32.9,32.820630739400904
27043,3,37.2,37.80947952556675
27061,3,34.6,37.54480608336876
27065,3,37.8,38.05159048228526
27069,3,39.3,36.290194821974616
27073,3,35.1,36.64896010778942
27075,3,34.7,34.42119125259913
27085,3,40.3,36.727356330229895
27097,3,39.8,37.89083471173076
27111,3,38.2,36.553009924317905
27119,3,38.8,38.28564809799134
27123,3,32.6,32.73763363579436
27147,3,36.9,37.01672380295209
27165,3,39.3,37.53889282854096
28019,3,41.6,42.84889528499433
28023,3,44.7,43.218751841132786
28027,3,48.4,50.07743280079279
28033,3,39.6,39.23019353278655
28047,3,34.7,40.15131671620087
28049,3,47.0,45.909612452798065
28053,3,51.0,49.99800111803722
28065,3,43.8,46.01759367255534
28083,3,45.8,50.1358400690449
28111,3,41.7,41.4834990710296
28117,3,40.4,41.2078864682293
28119,3,50.3,48.216634907228745
28131,3,41.4,41.03462297394154
28139,3,42.2,41.64759301777023
28145,3,39.8,41.297448381772085
28149,3,41.8,43.359865224718355
28163,3,45.4,46.48645674969932
29015,3,38.4,37.2014488758382
29021,3,40.1,39.3324588727016
29023,3,41.2,41.11647244790024
29029,3,33.5,35.98231966221322
29031,3,40.7,37.08265739808365
29051,3,36.7,37.67452836679967
29059,3,40.6,41.052488619700426
29065,3,38.9,39.88612890761622
29075,3,37.6,40.83315291997295
29077,3,34.5,37.2828994229046
29083,3,40.1,39.11261134534141
29085,3,43.9,38.7381630358207
29091,3,40.5,40.34373097473974
29097,3,35.8,39.49056967037578
29109,3,41.9,40.30488505141616
29113,3,41.3,37.54619013537103
29127,3,36.1,39.32548687014474
29137,3,41.4,38.73461436877833
29143,3,41.7,42.56524615340951
29149,3,44.3,41.22797840982761
29155,3,43.8,45.13983976214823
29163,3,43.3,39.940079265065684
29165,3,39.5,34.32905828671718
29169,3,35.4,38.468236609581545
29171,3,40.7,39.674559154371636
29177,3,40.4,37.72853468790478
29201,3,43.4,40.78341832117237
29203,3,41.4,41.47464327673976
29215,3,41.3,41.13601897708128
29217,3,41.3,40.719222501191254
29225,3,38.6,40.4873132961166
29227,3,39.7,39.364050808266484
30001,3,31.3,36.5551969914027
30003,3,41.4,43.41960140817688
30007,3,32.0,36.594012680616
30011,3,33.4,39.446021222479644
30015,3,34.5,40.219774497984595
30021,3,35.7,36.03213761259249
30023,3,32.9,36.663740803602344
30033,3,32.0,39.90159994148383
30039,3,32.4,36.70735845621526
30043,3,29.4,35.74505903408782
30047,3,33.9,38.4640853709457
30049,3,30.1,35.836668503949284
30071,3,39.4,38.486845601520386
30073,3,34.4,40.08452117488089
30083,3,35.7,37.039241239245825
30093,3,29.8,37.42585354348902
30099,3,31.3,38.390919470486544
31013,3,40.5,37.88204844933002
31061,3,42.3,37.81698536110301
31069,3,42.3,37.670110307772624
31083,3,36.6,35.76057702180257
31085,3,40.5,38.61481657447207
31089,3,39.2,38.14750221105755
31125,3,40.5,38.85812785401766
31129,3,38.2,36.289389805922895
31131,3,37.2,37.86542050687085
31147,3,44.2,38.01694224758307
31157,3,42.0,38.29266008480665
31167,3,37.9,37.47579264617424
31177,3,37.8,33.30723104126065
31183,3,38.6,34.99814961424203
32003,3,32.8,34.56381864119048
32013,3,33.8,36.08203757523789
32015,3,33.8,34.90288906441964
32019,3,35.9,35.43644990939613
33011,3,29.8,31.749480597488976
34001,3,33.2,34.02583289687264
34033,3,36.3,37.17171079252499
35001,3,28.1,35.09327688704303
35013,3,36.0,38.26238933340659
35028,3,22.4,26.459799228489672
35037,3,36.0,39.42914078342541
36011,3,41.0,36.734946880199075
36023,3,34.0,35.782818860051805
36037,3,35.3,36.06159711664871
36039,3,32.4,34.810026171454396
36051,3,32.4,35.873935387595964
36053,3,34.4,35.70720675872402
36079,3,30.1,29.809815656152402
36081,3,24.7,27.077086566468555
36087,3,32.0,33.791664585626876
36097,3,37.6,35.96563991970745
36103,3,29.8,28.602190854211628
36105,3,34.8,37.349863114979236
36113,3,34.7,32.76192019619235
36119,3,26.6,29.251605854011903
37005,3,36.6,37.158270697350325
37023,3,32.0,37.29358672378758
37031,3,31.6,34.294629710204994
37039,3,31.5,36.79399377153823
37049,3,36.1,37.59603971769938
37055,3,29.5,30.679945387377384
37063,3,32.5,35.930975600592916
37067,3,31.8,38.286378275261676
37079,3,41.2,42.14496418847475
37089,3,33.9,35.81981440874601
37093,3,35.6,42.790518743366945
37101,3,36.2,38.58888167367652
37107,3,40.4,42.90073991881883
37115,3,31.9,37.26692620336992
37125,3,32.1,35.833424238721456
37129,3,32.4,34.831836441299764
37133,3,32.1,39.04043259274986
37137,3,36.6,36.475822406063486
37139,3,36.0,40.17207006021339
37147,3,37.3,41.52287842333572
37177,3,37.0,42.23267320022964
37195,3,39.2,41.75659782942265
38009,3,39.3,36.00529296960853
38011,3,37.2,36.14932685883791
38019,3,36.6,36.65552935591111
38025,3,37.8,37.0622300067212
38041,3,37.5,38.77904705982824
38043,3,38.1,38.61286572369653
38053,3,35.5,36.62744405798076
38061,3,39.7,37.701781681610505
38071,3,36.0,36.84168152717362
38073,3,38.3,37.1900877620123
38075,3,37.4,37.07120717915621
38095,3,36.6,37.128117223043404
38097,3,38.2,37.60557076556165
39017,3,36.5,36.02032623077605
39019,3,40.7,37.948036344770465
39021,3,39.7,37.67871899429497
39029,3,47.0,38.72077606016222
39045,3,39.0,35.77698120527812
39063,3,37.0,36.27438087506251
39071,3,43.1,39.45862981502336
39087,3,44.9,39.62338943638482
39089,3,36.0,36.09181738305012
39107,3,37.8,37.462627173044204
39109,3,39.8,37.12302818238587
39111,3,43.0,38.29317853280123
39115,3,41.8,39.53297852103304
39123,3,41.2,33.366313111762366
39125,3,39.4,38.57761606561057
39135,3,38.5,38.58699092714255
39143,3,42.2,38.426423232279994
39149,3,37.9,38.33813125351918
39155,3,44.6,38.63763279465892
39163,3,41.2,40.52866368373744
39165,3,34.1,32.14215294960177
39169,3,40.1,38.35433160095611
40001,3,43.6,40.27789125404814
40007,3,39.2,39.33506790414839
40015,3,41.0,40.12871999585982
40033,3,42.4,39.657401510378726
40041,3,43.0,37.89680365623156
40049,3,42.4,39.16428183922427
40063,3,47.6,40.40894880813211
40089,3,45.1,41.006387515544155
40095,3,43.7,38.82696363513517
40101,3,44.6,39.64939198816515
40119,3,38.5,37.51827326777028
41005,3,29.0,31.539476676232585
41007,3,30.3,33.25009936661175
41019,3,35.1,37.04097800969974
41023,3,30.9,35.64065758078105
41029,3,35.9,35.15681413975647
41041,3,32.0,33.412963225076716
41049,3,37.4,37.90325572482165
41055,3,33.2,39.664431177401376
41063,3,30.4,33.33537167146451
42009,3,35.3,37.65534894151675
42011,3,35.0,35.92940866762459
42019,3,32.7,34.17602956044092
42021,3,37.1,37.182726748459345
42035,3,35.3,37.77753563776864
42067,3,36.1,38.36971720627162
42073,3,35.8,37.131957119396304
42085,3,35.7,37.300873070172855
42089,3,37.7,34.611428059307016
42097,3,37.7,37.952414604082215
42109,3,36.5,36.82840573889695
42111,3,36.6,37.20008828123789
42113,3,36.6,35.48964306415449
44005,3,27.6,30.802358452711196
44007,3,32.4,34.446967667845755
44009,3,25.0,30.233185343265475
45011,3,43.4,43.500226949510434
45015,3,36.6,37.76818371928768
45023,3,42.0,42.5654309293017
45025,3,39.8,42.22182496255677
45041,3,38.8,42.04767487296872
45047,3,40.5,40.4292127665665
45059,3,41.0,41.14396698154145
45071,3,38.7,40.050689877461544
45073,3,31.6,38.197161403966376
45079,3,33.9,40.576944846922395
45089,3,47.2,44.764859483283985
45091,3,31.2,37.224530732424746
46003,3,33.4,39.60605230230576
46013,3,35.9,37.42359611914481
46017,3,44.4,47.65054642299463
46027,3,39.9,36.51464672376775
46031,3,46.2,45.830291709394835
46039,3,34.9,37.9548970322875
46051,3,33.1,36.17417653389707
46053,3,36.8,38.82644543140875
46057,3,34.2,39.979007644106666
46059,3,34.5,36.60852798112758
46097,3,36.3,37.17871293444549
46101,3,32.8,38.39794631706674
46102,3,43.9,45.93268583550328
46111,3,35.0,37.83720883832862
46135,3,35.3,36.67634951148022
47019,3,41.3,39.027449483451115
47053,3,40.0,40.97839118963955
47071,3,37.5,38.443285198866064
47073,3,37.5,38.960402161072054
47075,3,44.3,44.12344579381363
47121,3,38.0,39.34917274447469
47139,3,37.6,38.74560431822288
47147,3,37.7,38.079496888781954
47149,3,33.8,36.572342135160774
47171,3,36.8,38.34980132733176
48013,3,43.0,38.86643691196001
48037,3,40.9,40.34789742580181
48069,3,40.4,38.36880099423935
48075,3,41.1,39.254988530609566
48079,3,43.6,42.292574854854415
48095,3,39.4,36.42891984450981
48129,3,37.3,39.081205098296216
48133,3,37.2,39.27806140338653
48139,3,37.6,36.247655240275975
48157,3,33.1,29.890637438159096
48161,3,39.3,40.32982282243248
48167,3,39.8,35.56218990351619
48171,3,34.2,32.03995873486651
48179,3,40.5,39.878858190334626
48181,3,37.2,37.59111330582775
48187,3,39.4,36.094886423670005
48189,3,42.7,40.140246088900845
48207,3,39.7,38.91541917874146
48209,3,34.4,34.79370616971449
48211,3,36.6,39.06498007769786
48215,3,47.6,41.369355589844844
48225,3,40.4,40.30065628154777
48233,3,37.7,38.94428494732476
48245,3,38.1,40.37812180971153
48265,3,34.9,34.78127144588882
48269,3,40.8,38.47371661375786
48271,3,41.5,36.70392450574724
48273,3,41.5,37.54872374713977
48279,3,41.7,40.59508765531463
48303,3,36.3,37.690636774326585
48305,3,40.5,40.79590325894477
48313,3,40.4,39.55032610235891
48317,3,39.0,38.845773348029965
48327,3,38.3,38.323018866188754
48337,3,37.2,38.2484596624119
48357,3,38.7,39.51534035680362
48363,3,36.9,37.29676125354332
48365,3,38.3,40.19895250437963
48387,3,39.9,40.36996063086078
48399,3,38.1,39.0529124691765
48405,3,42.8,41.75802856287671
48407,3,38.2,39.36190623934763
48409,3,43.3,37.91946085147664
48467,3,36.1,38.14810501461671
48479,3,41.5,39.97656312760238
48481,3,41.4,39.39304970481823
48483,3,39.8,38.908003850475694
49001,3,32.5,40.81704811286709
49003,3,32.0,39.94451186463093
49005,3,35.0,39.06968324003338
49011,3,30.2,36.624762559577235
49025,3,36.3,36.49835472007626
49033,3,33.1,37.07752937994358
49039,3,32.9,40.09357992598068
49051,3,25.8,34.723769202919286
50009,3,32.7,36.694908960507625
50015,3,25.4,35.31874543185336
50021,3,30.7,35.46957451733446
51009,3,36.1,38.86250504439675
51011,3,42.4,39.94624612328672
51017,3,40.8,36.38095792791372
51025,3,45.3,42.51394499059615
51045,3,36.2,36.9026958882365
51049,3,38.6,40.73984058063127
51057,3,39.0,38.40201719643583
51075,3,31.7,30.984757294143666
51087,3,35.1,33.95544560537283
51105,3,40.5,41.25326603685959
51109,3,38.9,37.13869903503332
51113,3,37.0,37.108269904702176
51145,3,35.8,32.98646948516261
51147,3,43.0,40.01442063380717
51163,3,31.8,36.641425661342446
51167,3,39.4,39.35975171873854
51171,3,37.9,36.50067873148631
51173,3,40.7,39.773633174046715
51177,3,38.3,33.59207230356641
51183,3,44.0,40.79169112878747
51540,3,35.2,32.05364307796974
51570,3,39.1,34.7622780417104
51600,3,32.2,20.574870929978115
51610,3,30.1,21.37557512257738
51678,3,35.1,33.086365550747296
51700,3,40.6,39.60854431016408
51720,3,41.8,38.21533945538056
51800,3,41.5,38.30399323429707
53005,3,40.0,35.48920330031385
53009,3,34.5,33.822671720217414
53031,3,26.1,31.81614954590401
53037,3,31.0,35.30924079912224
53041,3,40.6,36.567268175187074
53043,3,34.9,36.62323761789782
53061,3,32.9,29.07761322401388
53065,3,32.2,36.95143629369892
54001,3,40.8,39.87377489502206
54019,3,39.4,40.30815005507982
54051,3,42.3,38.22178673475526
54055,3,42.5,39.51104164716155
54061,3,36.7,35.847460451258264
54075,3,44.1,38.14181024039172
54081,3,39.6,40.5427970399334
54095,3,41.7,38.66252067655416
54105,3,41.5,38.80944322634652
55005,3,39.4,36.93847201086157
55009,3,36.6,36.07478974578882
55035,3,35.8,35.83231584282219
55057,3,39.6,37.6339164708765
55061,3,39.6,35.66157371184796
55063,3,34.6,35.39635682423089
55069,3,40.3,36.10095517038704
55075,3,41.3,36.24002581837356
55077,3,40.9,36.73827905994923
55079,3,39.4,38.64761280140804
55083,3,39.9,35.82544491021406
55089,3,34.0,32.270117204649466
55105,3,38.1,36.697558999005444
55117,3,40.5,35.02257281972206
55119,3,40.7,38.69798360375048
55127,3,33.3,34.892424954524465
55133,3,32.0,31.70655437324672
55137,3,41.8,36.65379316299593
56001,3,35.0,36.40061483766199
56003,3,34.7,39.04180864861255
56019,3,31.2,36.58863204088764
56025,3,37.8,37.621605983352545
56031,3,32.4,36.14857952974464
56035,3,29.9,35.928138552686114
56037,3,36.3,37.21903018439767
56041,3,35.5,38.81986531258138
56043,3,39.1,37.050468347207435
01007,4,41.4,41.59970385147424
01011,4,49.4,46.22924157885845
01013,4,45.5,44.29213294024146
01019,4,40.2,39.36345988713777
01021,4,36.3,40.09522392652407
01049,4,38.9,41.05534800424299
01053,4,43.5,43.45431845229027
01055,4,41.3,40.411891907167735
01057,4,39.2,41.02271980755728
01067,4,38.3,39.56461570627857
01081,4,35.2,38.99214139380264
01083,4,35.8,37.802316211329895
01085,4,49.6,45.54290271848538
01095,4,38.6,39.77383225037396
01109,4,40.6,42.177883540526366
01111,4,40.9,41.946710603798834
01117,4,32.1,35.35694996292132
01121,4,42.6,42.28953504343981
01125,4,41.4,40.0131223280376
01133,4,36.3,39.579939496485686
02016,4,28.9,22.93136567359011
02068,4,30.8,30.846651039594065
02100,4,32.6,33.270686648329395
02110,4,32.8,30.55662215389424
02130,4,34.3,32.51944013963744
02150,4,30.3,29.70367735144293
02230,4,33.0,28.615516632025944
02275,4,34.4,35.05836709227506
04001,4,39.1,40.64235917220708
04017,4,38.5,39.38622999303716
04025,4,27.7,34.22057860200079
05001,4,40.9,40.385414572804116
05011,4,41.5,43.76171749785785
05027,4,41.1,43.07005589629937
05029,4,41.3,41.16527739780242
05035,4,41.5,46.002983317946615
05039,4,44.0,44.33227180823099
05051,4,37.8,38.15140223820724
05053,4,35.5,37.9677755207494
05071,4,39.1,40.15028726308241
05073,4,42.9,42.35221523785217
05077,4,44.9,45.530655991036475
05105,4,37.6,39.739303715681565
05107,4,51.3,48.80371220882529
05111,4,40.8,42.01155767896822
05139,4,41.2,42.6326293380182
06013,4,28.4,26.031250345873598
06035,4,32.8,36.40684452935772
06073,4,25.4,29.145149840840215
06075,4,17.7,15.732861821546802
06083,4,31.6,31.70250088768868
06091,4,31.3,33.52175792984747
06097,4,28.3,29.96147667626354
06099,4,34.7,34.943771159372254
06111,4,28.9,29.822481025303716
08007,4,24.9,32.95092735640775
08009,4,31.0,39.732433448830974
08019,4,25.7,31.31281999063534
08029,4,29.0,36.6465408545139
08043,4,29.2,36.06800275129076
08069,4,21.1,33.229705205654746
08079,4,26.6,25.443999585211436
08113,4,24.7,29.77715248982709
11001,4,25.1,32.56301937383713
12013,4,43.6,40.398280004195136
12015,4,34.4,33.2143980361657
12029,4,43.6,41.00075396192051
12031,4,33.1,37.94688490228323
12035,4,33.4,34.00930288131244
12043,4,39.7,37.926605606597576
12049,4,40.3,41.29756645793345
12059,4,36.3,40.50892205873099
12067,4,40.4,39.28746085686883
12086,4,30.3,35.33541275753092
12089,4,32.5,34.473302721000415
12093,4,40.1,39.47916602129377
12099,4,30.5,34.68476235639429
12103,4,32.2,34.07654041833646
12119,4,35.1,30.108429138996748
12121,4,44.8,40.71682953190986
12125,4,42.5,40.15422865921202
13009,4,39.8,42.141474699787636
13011,4,36.7,37.94462410614852
13017,4,41.9,44.36677826288322
13019,4,38.7,41.84193470178083
13051,4,36.1,37.899948864633224
13053,4,43.1,39.6753878527193
13081,4,44.8,44.850766591525954
13099,4,45.1,46.16245581581783
13111,4,38.9,35.408368000828425
13117,4,31.3,27.328671747727192
13125,4,37.0,39.65557693071982
13135,4,33.3,34.598099019854274
13139,4,35.0,36.967701667832785
13145,4,32.7,36.42190989192941
13151,4,39.3,38.996862944095916
13177,4,36.7,38.26849290742161
13179,4,45.9,43.26269794192208
13183,4,41.3,42.880305201409605
13189,4,43.7,43.5817809080479
13193,4,48.3,45.20275815120983
13197,4,39.9,43.15252182909251
13213,4,38.0,40.18840208900603
13225,4,42.7,41.80934586569762
13231,4,34.2,37.77976183513891
13271,4,45.6,42.78893098650265
13277,4,41.9,42.63242580225123
13279,4,42.5,43.18498180320072
13285,4,41.5,42.53867461817917
13291,4,37.1,35.11820913392919
13295,4,41.8,40.19722905883195
13307,4,43.5,42.93896638461882
13317,4,43.9,42.16131696436429
15001,4,26.0,29.157252308928037
15005,4,29.1,30.26346529665311
16015,4,31.2,33.10451647802055
16029,4,32.8,39.790966048660174
16045,4,31.4,38.0287664306727
16067,4,34.8,39.577323651138244
16087,4,38.5,38.309534604111995
17009,4,40.6,38.65684672875591
17031,4,32.8,34.22494289808134
17043,4,29.4,28.778751878242833
17055,4,39.6,38.98279793161201
17069,4,37.8,38.118666549848534
17073,4,34.7,37.37706585850702
17087,4,36.5,37.3991242676662
17101,4,37.8,39.242963290402926
17115,4,37.1,40.14984779286955
17131,4,36.8,37.451351842508274
17147,4,33.8,34.95236247116391
17155,4,34.7,33.84305626829068
17157,4,37.7,37.583387950759146
17159,4,37.4,37.92149131595824
17167,4,38.3,36.62895547284604
17171,4,35.0,37.26255114805893
17201,4,38.5,38.02022270994488
17203,4,34.2,35.50391406802955
18005,4,34.0,34.715955350170496
18023,4,39.1,38.51503016583977
18033,4,37.5,37.5755283662764
18037,4,38.4,36.52847172157311
18043,4,36.4,36.426717487376564
18053,4,43.0,39.50209670823823
18061,4,36.5,37.287052585410684
18065,4,44.4,38.695572207472
18067,4,41.9,38.37899069514987
18069,4,39.0,37.95928296387782
18071,4,43.2,38.30824256675952
18081,4,42.1,34.78314806034884
18089,4,38.1,38.93556420144741
18091,4,39.7,37.50997807131108
18099,4,35.9,37.056181672237294
18107,4,42.6,38.35992438219856
18111,4,41.5,37.34015043015292
18135,4,38.9,38.96863145420604
18137,4,37.4,37.40394311350903
18141,4,37.8,38.219221343875766
18145,4,39.7,37.12639342402201
18157,4,35.1,36.5101941810221
18161,4,40.3,37.219395162944394
18169,4,36.9,37.386674113413264
18175,4,41.7,38.68523604491291
19023,4,39.5,37.011796849379394
19029,4,44.9,38.25215859199341
19035,4,40.2,36.911712729890894
19049,4,32.2,33.946754687448866
19063,4,38.5,38.29399653415546
19065,4,39.7,38.05900358665505
19073,4,41.5,38.61521782087729
19077,4,39.8,37.04745095962214
19081,4,36.2,37.69636654749214
19091,4,43.4,37.11465112459719
19101,4,37.4,36.702553176281896
19129,4,40.7,36.5542849766482
19133,4,40.9,38.47465342670116
19141,4,38.8,37.73070847737572
19173,4,40.3,38.99428332717566
19187,4,38.7,38.280874814723724
20003,4,36.4,39.32783203920703
20037,4,42.6,39.532938418092726
20041,4,38.7,37.71820201228264
20047,4,42.2,38.0966434599673
20049,4,42.4,38.92501650078917
20057,4,38.7,38.14354387004261
20067,4,40.8,38.084675881416935
20075,4,40.0,38.43019243882501
20077,4,42.3,39.601687421081415
20081,4,40.5,38.1386571893385
20083,4,37.1,37.85638794720064
20087,4,41.5,36.403544298047024
20109,4,38.5,36.94209208565506
20111,4,39.1,37.76088391121705
20115,4,38.7,37.58862139877572
20117,4,41.5,38.25357699859652
20125,4,45.1,39.46302209745867
20131,4,34.6,37.02824069871461
20139,4,39.7,37.002166308186524
20141,4,38.5,37.89077226022699
20171,4,41.2,36.491621497915766
20173,4,33.5,37.36525349595073
20207,4,38.4,38.14339765998916
21003,4,41.8,40.39872508172473
21007,4,39.5,38.1101846373685
21023,4,37.2,39.36071273176718
21033,4,38.0,39.8735981300777
21055,4,41.0,40.306720732787085
21067,4,34.9,36.83880524514093
21073,4,37.6,37.42453984510155
21081,4,37.8,39.73121840560423
21089,4,43.8,39.05262563148866
21091,4,38.4,38.651430427758314
21099,4,38.2,41.87716890464323
21109,4,41.9,41.985231244384835
21121,4,40.6,43.68074834235423
21127,4,39.7,41.74831004933867
21155,4,41.1,40.09846635277403
21187,4,38.8,39.89972609790458
21201,4,40.8,38.802372927980144
21231,4,42.1,41.94937516281723
22003,4,40.9,42.343915898013414
22005,4,36.8,39.241919873018176
22011,4,36.8,39.88665838836879
22025,4,42.7,43.020049721035484
22029,4,42.0,45.99095960527216
22053,4,42.3,42.429273988426246
22065,4,47.4,48.74255644106171
22073,4,42.1,43.577261298260474
22075,4,39.8,38.680020297020754
22077,4,42.3,42.03138152430961
22079,4,42.0,42.60867970176262
22109,4,40.5,40.03428070937476
22125,4,40.4,37.02953626771093
22127,4,43.6,41.81682093035986
23003,4,41.7,37.689896316354954
23005,4,29.4,32.38266517391397
23013,4,27.9,33.64909921574843
23023,4,30.7,33.85357276030226
24033,4,36.0,36.63522345047227
24035,4,32.7,33.19149670028846
24037,4,35.2,32.67662894888173
26001,4,36.6,35.70130639509276
26017,4,37.2,37.22452189326183
26033,4,39.3,37.755382776562776
26045,4,34.9,35.54471494319574
26049,4,39.1,39.930028476955506
26051,4,38.1,38.21802831872333
26053,4,37.3,36.85354333113083
26057,4,35.6,38.56040136511324
26061,4,34.2,36.94575857554586
26065,4,34.0,36.26500883151261
26069,4,38.2,36.855510656464965
26077,4,35.7,37.1075010080004
26105,4,39.4,37.20181342397727
26107,4,33.4,38.368584326255
26111,4,31.1,36.1094944503259
26113,4,38.3,39.21018233185414
26127,4,37.9,37.90728791452126
26155,4,36.1,38.096254001443945
26159,4,39.5,38.122696483427745
26161,4,30.1,32.28644587192299
26163,4,36.7,41.03916240507694
27003,4,35.9,33.9253470098925
27007,4,41.1,38.27265741173815
27009,4,37.2,38.54586706563743
27015,4,39.9,36.64686052931153
27017,4,41.2,36.99293900420819
27023,4,41.6,37.820063996072214
27025,4,38.3,34.78860485036456
27045,4,37.2,37.18099949292336
27049,4,36.4,35.64697987265365
27051,4,38.0,37.60397435850552
27053,4,27.4,32.726751287244824
27057,4,40.0,36.33376492069464
27071,4,36.9,36.51727738439683
27081,4,38.2,38.43038721064512
27093,4,41.1,37.49705003606819
27103,4,36.5,36.24935582851115
27129,4,38.4,37.469829397065865
27131,4,35.0,35.999925779077834
27145,4,38.4,37.610384827897576
27151,4,39.7,37.7169819963383
27153,4,40.5,39.327813977602695
27159,4,42.9,38.80952039594012
27161,4,41.2,36.682472421701284
28001,4,43.6,44.06529137885137
28005,4,45.0,42.9902882659744
28015,4,42.1,40.53547574608166
28021,4,51.2,48.36480208073259
28061,4,44.1,44.89661475905092
28069,4,47.2,45.236663908610836
28073,4,39.5,39.567396244782024
28079,4,45.1,44.601977378598335
28129,4,42.0,41.91195482773176
28133,4,47.5,48.19671348351153
28141,4,39.9,39.321998468639755
28151,4,44.6,47.54167107210853
28155,4,39.8,41.81657999692586
28159,4,45.3,43.98803672204825
29011,4,42.7,40.6631217389723
29027,4,41.7,37.45104852074537
29035,4,40.0,40.306393121275136
29047,4,35.2,36.090712926621066
29095,4,38.8,38.02538840867412
29101,4,40.0,37.80876489469738
29119,4,41.2,41.803930649613
29131,4,39.7,40.04761882595566
29141,4,43.1,39.11264835734084
29147,4,42.3,38.03149455519125
29159,4,39.0,40.60422199703431
29197,4,39.8,40.54570113726363
29199,4,39.2,42.130055113167955
29213,4,39.2,37.04943359739699
30017,4,35.8,37.706569997133286
30027,4,32.1,36.93533595014052
30029,4,30.2,35.85269308470216
30053,4,30.9,37.35778837267636
30057,4,26.5,33.117264122973644
30063,4,29.2,35.4006273489624
30077,4,32.7,36.27238411728492
30085,4,40.6,41.82106148567794
30097,4,32.1,35.06981041462083
30109,4,34.5,34.917232340505194
30111,4,34.6,36.34748975162027
31001,4,40.7,37.945295704436454
31011,4,35.3,38.13303068893028
31015,4,40.7,36.61882711774211
31023,4,39.4,37.43331165425414
31043,4,45.8,38.2933296872341
31045,4,39.5,37.68536067624263
31053,4,38.7,37.92021544330233
31091,4,39.9,36.80525153466718
31105,4,43.8,37.554599298509416
31107,4,43.8,39.682070069521174
31109,4,33.1,36.34525055977269
31123,4,38.9,38.22150806099281
31145,4,39.5,36.7943937727904
31155,4,36.2,36.60709277114048
31163,4,40.0,37.5865656769031
32021,4,35.0,37.1962023309811
32029,4,31.3,30.531779909480367
32033,4,33.4,35.909586851210925
33009,4,28.8,31.52427050361787
34011,4,36.8,38.27052030697859
34015,4,36.3,32.86748390500897
35005,4,42.0,40.31547569018599
35007,4,35.6,36.84717255255451
36007,4,33.3,35.99967304071689
36015,4,34.2,37.423699349372015
36027,4,34.3,32.01512279303974
36031,4,36.0,34.6984265859363
36035,4,36.3,37.26148300458488
36049,4,35.9,37.95912235998698
36055,4,36.1,35.761876334834675
36061,4,21.2,25.82729019036048
36063,4,34.6,36.6180080682206
36067,4,35.1,36.149508248626326
36069,4,34.1,33.75178090621176
36073,4,36.2,38.20816346547377
36075,4,38.5,37.58881622932107
36089,4,37.1,37.98774120910486
36099,4,37.4,37.16073263556231
36109,4,33.0,31.88595548100566
36111,4,32.2,32.74815260819138
36117,4,37.2,36.70263970597675
37009,4,33.9,37.4575804307046
37011,4,33.1,36.146157367254865
37021,4,26.2,34.836435437154144
37029,4,34.3,36.695248119655794
37035,4,34.1,36.329498416185814
37037,4,30.7,34.15096745715809
37045,4,37.8,40.76795753272776
37051,4,39.6,40.934579337933805
37069,4,38.0,39.2021294525022
37075,4,34.0,39.35660911271938
37091,4,43.4,43.35129993236388
37099,4,32.4,36.347654133117
37103,4,38.2,40.13092288161745
37105,4,38.4,39.05916012835102
37113,4,31.3,36.08530743862792
37119,4,34.1,35.48520291026442
37121,4,34.1,36.87558274408697
37123,4,37.5,39.21111606236419
37127,4,42.1,40.55957936665433
37155,4,41.9,42.645404503381705
37159,4,33.9,39.0045683327181
37171,4,35.3,38.08640836272886
37175,4,32.8,34.8450497629407
37185,4,42.0,42.037197869920256
37187,4,41.0,42.396260866221525
38001,4,38.2,35.36750530463167
38003,4,37.8,36.21513002916853
38013,4,35.1,36.316287221432276
38015,4,39.2,36.11387675629258
38023,4,36.7,36.0434901131119
38029,4,36.8,37.66514510892762
38035,4,37.4,36.212243243898335
38037,4,40.5,37.690099870946625
38039,4,37.0,36.766353209877224
38049,4,37.0,37.79073661694834
38069,4,36.3,37.182672842720486
38077,4,41.9,36.982963702379934
38087,4,37.4,37.76695006392575
38099,4,38.5,37.53257653026279
38105,4,37.7,37.05954589442078
39001,4,45.2,41.18641849786478
39007,4,43.1,39.047874406937844
39009,4,38.3,37.52028515366526
39025,4,40.1,36.46440971090421
39033,4,44.0,38.803615271687526
39039,4,42.2,36.791331795659794
39047,4,40.6,38.9908005905166
39049,4,36.1,37.21377594899496
39057,4,39.2,34.411585809836154
39067,4,41.4,38.621121278172794
39073,4,42.7,38.49340321534454
39079,4,43.7,40.8590262980706
39091,4,38.7,36.98368075532671
39103,4,36.0,33.84516797812398
39117,4,42.6,38.454717068485216
39129,4,42.9,36.76340510112384
39137,4,40.0,36.90568104133609
39161,4,42.3,38.013572245662395
39173,4,35.7,35.89633775815844
40003,4,37.7,37.49659927683819
40009,4,42.7,40.02960507971465
40019,4,40.7,38.601197738291766
40025,4,39.5,38.21266386573264
40027,4,36.9,35.61598988838551
40037,4,39.4,38.75257952491994
40043,4,40.8,41.405034693357926
40047,4,42.3,38.734537830677105
40053,4,44.8,39.5504915872189
40055,4,41.5,40.61047612727573
40057,4,43.5,41.63780567268829
40061,4,43.7,40.802719789580294
40069,4,43.7,39.76441658871049
40075,4,45.4,40.57929870712374
40083,4,42.2,38.45001235252971
40099,4,44.4,37.61023602468309
40107,4,44.6,40.47210743417617
40113,4,40.3,38.536934798105925
40115,4,44.0,39.61269747988092
40127,4,43.5,39.10548422303215
40137,4,42.3,39.4684499569905
40139,4,41.3,39.109732378272966
40143,4,37.0,37.25765063433223
41001,4,34.3,36.51218976601485
41037,4,34.1,36.619531413591545
41039,4,32.5,34.89364437143247
41057,4,30.8,34.89530833122136
41061,4,35.6,38.2083358559852
42015,4,34.9,38.21930442669014
42027,4,34.7,33.040281469459906
42041,4,33.0,32.66188037824231
42045,4,31.4,35.03475586502726
42047,4,37.8,36.21778828084156
42049,4,36.9,37.432363131151
42053,4,40.4,36.04460359103333
42059,4,36.0,37.537152327899065
42077,4,34.3,35.124779957480584
42079,4,38.7,36.26314940320164
42087,4,38.7,38.777394913533314
42091,4,31.2,29.886608826314678
42099,4,34.9,35.52535315293512
42105,4,38.2,37.8988503503948
42117,4,38.8,37.04525456206864
42119,4,35.3,35.43429688660825
42131,4,35.8,36.56842810289283
45001,4,38.7,40.609181015167145
45019,4,28.8,35.55401938269244
45027,4,45.6,43.14878575851781
45029,4,44.8,41.79078573417521
45033,4,42.3,45.83208806188493
45039,4,41.1,43.42504302865248
45053,4,37.5,39.962649441527184
45077,4,36.8,37.28708743935775
45085,4,40.9,43.16344814206373
46007,4,43.0,43.317087108887435
46033,4,37.5,32.901471790377755
46035,4,36.9,37.17845977409079
46041,4,40.8,41.45901018761716
46043,4,36.2,38.902271544339584
46047,4,36.5,36.16675876757074
46055,4,35.9,39.97430408522249
46071,4,39.7,43.96532675120151
46089,4,37.8,38.48312910869583
46103,4,34.6,36.33281887074865
46107,4,34.1,34.7072008867602
46109,4,42.8,39.60706315329099
46115,4,36.8,37.78825530219849
46121,4,44.3,46.567867640049656
47003,4,41.3,39.9443175995948
47005,4,39.8,38.99442289911849
47007,4,42.8,39.60964059873096
47021,4,37.4,36.177914907236044
47031,4,39.6,39.095125309563414
47033,4,39.1,41.070219876857585
47037,4,32.3,36.2742154972102
47061,4,37.6,40.58437910772139
47065,4,33.3,36.83620006336458
47081,4,39.7,39.40853304563952
47083,4,38.1,39.27937574457239
47087,4,35.5,39.685843308206216
47093,4,37.5,36.354374153982555
47101,4,39.0,39.59861730134851
47109,4,43.1,39.92126303854804
47115,4,40.8,39.10597211082367
47151,4,41.2,42.36316841894052
47153,4,38.9,37.998862948322845
47157,4,42.6,42.17566825002501
47161,4,36.6,38.66661260393742
47169,4,38.6,40.152658487547676
47173,4,37.7,40.01411272465992
47175,4,39.2,39.80412584971675
47183,4,40.0,39.76415670482699
47185,4,39.8,40.14717396902649
47189,4,36.8,35.27817508857797
48025,4,43.0,38.37354088365976
48041,4,36.9,37.76113860755586
48051,4,38.4,38.15394822356882
48089,4,39.7,37.57478717922553
48097,4,37.3,38.639197157089036
48101,4,42.4,38.69945953969258
48111,4,40.1,37.68013225970044
48117,4,43.6,40.133745315790115
48119,4,36.8,39.368565217212826
48121,4,30.7,31.410547297729092
48125,4,37.4,39.87184801123832
48127,4,49.9,40.38113731457815
48153,4,41.1,40.52327754701252
48169,4,41.2,37.9957600570062
48173,4,34.2,30.574545560218954
48185,4,41.6,39.249938175684534
48191,4,41.1,39.69592589674233
48201,4,35.2,37.13994264972605
48217,4,37.1,39.29688506935451
48223,4,37.6,38.9713333625488
48229,4,42.8,37.32077051718227
48231,4,41.8,39.04197170633418
48237,4,38.1,38.57721832278926
48247,4,44.9,40.058389486045755
48261,4,47.3,38.099912179125724
48267,4,37.6,37.36806685952381
48277,4,38.6,39.873456034297206
48281,4,38.3,36.4584132647551
48283,4,44.2,39.078726801868
48287,4,38.6,39.3889968116935
48293,4,40.1,40.33676054146884
48295,4,37.7,36.97074496003985
48301,4,32.6,37.57099403592988
48307,4,39.3,38.12681003231722
48331,4,37.5,38.71476463957737
48343,4,40.6,41.003671822063744
48347,4,40.6,40.82737144895131
48367,4,36.8,35.19919041038516
48379,4,37.5,37.4339758499805
48385,4,41.3,35.96796985354808
48403,4,38.6,38.564950540593934
48417,4,38.1,38.12290604977976
48419,4,40.9,41.841667453596266
48421,4,37.9,38.80097575321705
48423,4,39.7,38.279761318245455
48425,4,33.2,36.22912231583001
48433,4,38.6,37.5538750206873
48441,4,36.5,39.0174784465647
48443,4,35.8,36.74643537368601
48445,4,42.8,40.900326949263686
48447,4,37.9,38.79374279096213
48453,4,29.4,31.92172782310881
48457,4,40.3,39.37872091397403
48475,4,40.8,38.14911693250353
48485,4,38.9,38.32146059144849
48491,4,29.6,31.62183024872587
48497,4,40.4,36.2098899915673
49013,4,33.0,41.66704193467044
49017,4,36.3,36.36902814083489
49019,4,30.9,34.36723556500541
49021,4,33.3,39.41102420715074
49023,4,34.4,40.05843612327039
49029,4,31.8,36.219865665228085
49031,4,35.5,39.11376848356654
50003,4,28.3,35.55197687680368
50019,4,32.9,37.43358009209504
50023,4,26.8,34.26566417725113
51015,4,37.8,35.97198563124512
51019,4,35.2,36.17756191384696
51029,4,41.3,40.81958707274318
51041,4,37.7,35.101211767108296
51081,4,46.2,41.73431202890085
51101,4,38.5,35.92686738412998
51107,4,28.6,22.168819258972473
51111,4,42.7,41.45362740687935
51131,4,41.8,38.97983171979233
51135,4,44.4,41.256686676251654
51155,4,35.6,37.496488929315994
51165,4,34.9,36.08011033096055
51175,4,42.4,39.59969235327583
51187,4,38.1,35.840641305171665
51510,4,29.5,29.62684211574105
51550,4,41.2,35.567157574253244
51580,4,38.8,39.00626137986069
51595,4,47.1,46.87066759845145
51630,4,38.2,32.36596236219947
51735,4,33.2,30.980762313907334
51770,4,36.4,39.43240812007643
53021,4,39.7,37.2976400762905
53045,4,37.7,34.31274375507758
53047,4,38.6,37.25309782000243
54005,4,41.5,41.271199588412806
54025,4,42.8,39.15343579073769
54027,4,42.0,37.93952106029259
54047,4,44.3,42.642305629437764
54059,4,41.1,42.602818519389515
54063,4,40.8,38.66377055819684
54101,4,37.9,40.98278278134894
55001,4,38.6,35.49357485584096
55031,4,40.4,36.824310189706594
55039,4,41.7,35.62418346076742
55055,4,39.6,35.87027621997146
55065,4,39.5,37.81816268717318
55073,4,35.9,34.11699366982916
55085,4,38.5,34.108708517268035
55129,4,35.7,35.0478724103787
56007,4,36.2,36.56549605619257
56013,4,37.9,38.34226355281589
56021,4,34.3,37.03473314932478
01003,5,36.8,36.170152818412014
01009,5,37.3,39.06029789048097
01023,5,45.8,43.387770614798555
01033,5,40.9,39.76855615936791
01039,5,44.6,41.002558555352216
01043,5,39.7,38.80977814970556
01069,5,37.5,41.03661170803571
01071,5,38.6,39.79641555563092
01073,5,39.7,40.911192634903465
01077,5,36.5,38.72005054213031
01093,5,39.5,39.996502479142784
01101,5,44.6,42.514488957968496
01129,5,41.5,41.22173106371756
02070,5,37.2,38.64489293403454
02195,5,30.4,33.59041494200346
02198,5,37.6,37.760561073622064
02282,5,32.6,32.57975801334561
04003,5,32.9,36.916818701626276
04012,5,35.9,37.24320042874342
05005,5,41.3,37.24144571880245
05009,5,39.4,38.78705942753979
05015,5,35.6,36.61792568218688
05021,5,38.1,40.746608916907185
05031,5,37.5,40.6838481950315
05037,5,38.5,42.28430513686729
05043,5,41.6,42.065372065969726
05063,5,39.6,40.32249159228286
05069,5,44.5,43.655450105056445
05083,5,37.7,40.15766068058208
05085,5,38.0,38.921379033314714
05097,5,39.8,39.85354489525241
05099,5,41.5,43.372178332008204
05121,5,37.4,41.04087786223357
05137,5,37.2,40.16513378182245
05149,5,38.7,40.5806477796742
06005,5,27.3,33.05697681770399
06007,5,31.5,34.98275090478483
06021,5,34.1,37.94905246788269
06027,5,29.9,34.65566206125125
06029,5,35.9,38.38385794247753
06031,5,31.9,38.14045961059727
06039,5,35.2,38.791557957599785
06059,5,25.7,24.767921337695654
06077,5,33.8,31.447405628782317
06095,5,32.8,29.85480990132381
06109,5,31.0,34.33867366509225
08001,5,34.0,34.5153486614357
08015,5,25.3,32.66713412559244
08033,5,27.4,35.18323144519878
08037,5,22.6,29.912761383843065
08045,5,26.7,34.146689592555305
08077,5,30.3,35.8988723877508
08095,5,30.6,38.435644104601145
08111,5,27.4,18.762242464380055
12009,5,32.9,34.972335274901695
12037,5,37.6,37.749382109293
12047,5,39.5,43.616864370545684
12051,5,38.6,40.93906264274197
12087,5,29.7,29.952736693774924
12113,5,31.1,35.238495376592724
12131,5,31.1,35.16647335155102
12133,5,41.1,40.332491658413986
13023,5,42.0,41.413212007255105
13025,5,39.2,41.67817473890016
13031,5,39.1,40.65346936614377
13033,5,44.8,43.835117819113535
13035,5,40.2,39.10343162444086
13039,5,38.1,38.51859824957801
13043,5,44.0,43.65628190520077
13049,5,42.2,40.79155230342481
13067,5,28.9,34.15999408761287
13077,5,44.1,35.71862111434831
13079,5,41.1,39.75229484321175
13147,5,36.1,38.8409376610143
13153,5,39.3,39.03892204416387
13161,5,41.3,43.18515202976035
13175,5,41.5,42.70757128999459
13181,5,37.5,39.96066752172733
13191,5,41.8,40.69567593535122
13219,5,32.9,32.07218758672716
13221,5,36.0,38.69906828528545
13229,5,39.6,40.67589603211793
13237,5,42.1,39.06858154093762
13243,5,48.6,46.4218602777908
13249,5,38.2,41.74069981549388
13253,5,42.4,43.086808153994184
13265,5,43.3,42.22255983485147
13269,5,42.7,43.12767292889351
13275,5,38.7,42.40333841252337
13293,5,41.7,41.66803335418656
13319,5,43.6,42.892711116310664
15003,5,26.2,19.795449754986915
16005,5,36.8,38.72735551759443
16013,5,25.5,30.59187322676841
16031,5,38.6,39.72981728506209
16037,5,32.8,36.19010950102386
16039,5,36.5,38.72388311135031
16051,5,37.2,40.40670701752342
16061,5,36.2,37.268238906740685
16073,5,34.6,39.410839075178316
16085,5,33.5,32.448141755043245
17015,5,36.0,37.227765915484305
17025,5,38.3,38.93197268462417
17037,5,35.7,36.82373610582984
17041,5,36.7,37.16733415721858
17057,5,39.3,38.28916802985888
17071,5,37.2,37.12540764679354
17075,5,38.3,36.937082192801064
17079,5,35.0,38.33864028520049
17091,5,40.3,37.62704995075375
17095,5,38.8,38.32408996442348
17103,5,37.5,37.03098193072668
17105,5,38.2,37.613490827563226
17107,5,38.8,37.2526642450728
17117,5,38.1,37.83926299789341
17121,5,38.5,38.15052094239219
17129,5,35.3,36.452206253699295
17137,5,37.3,37.566917316443416
17141,5,35.9,35.56137032928059
17143,5,35.6,38.21548160895229
17151,5,37.7,37.34276635844468
17175,5,37.7,37.633935934973664
17187,5,37.7,36.41843699239565
17191,5,37.1,39.282797023176016
17193,5,38.1,38.17038296656745
18017,5,40.3,38.50513296749953
18019,5,41.2,37.562872099737945
18025,5,41.0,38.748369873930336
18027,5,38.3,40.271521482893895
18039,5,42.5,38.93616985412705
18047,5,37.7,38.05945053075611
18055,5,40.5,38.586444889721086
18077,5,38.4,37.03513760803676
18085,5,39.5,36.54040748636076
18101,5,39.6,37.89907403816945
18115,5,38.1,36.407252053291984
18121,5,38.3,39.81528583850508
18127,5,37.0,34.64771789039308
18147,5,35.7,37.988192385290915
18153,5,38.1,39.62692745229219
18159,5,36.1,36.31411343052394
18167,5,41.0,38.90898254752999
18171,5,36.5,37.37982417450724
18179,5,40.7,37.75964139687283
19005,5,38.3,37.06809080487701
19019,5,40.6,38.90856272992145
19027,5,42.0,37.2909757489555
19031,5,38.3,36.38090412017568
19045,5,40.9,37.9107689729797
19067,5,42.8,37.647419868671726
19083,5,39.2,38.32510113375593
19087,5,40.9,37.03255027679342
19093,5,37.3,38.30280731230477
19097,5,41.8,37.54226877041108
19103,5,30.9,34.7282779368778
19107,5,40.1,38.8566071776307
19111,5,40.9,37.89658396340262
19137,5,39.8,38.43107786180497
19139,5,37.8,37.29784943473936
19143,5,40.1,37.57980730637749
19145,5,43.9,38.054782684474716
19157,5,42.3,36.834759727992115
19163,5,39.2,36.751098724165445
19177,5,41.0,39.79562977637292
19181,5,42.1,35.69724045593003
19189,5,39.0,37.26880014021531
19191,5,36.5,34.64479911851289
19193,5,38.5,38.33473635268996
19197,5,41.8,38.00044884170668
20007,5,41.9,37.92136002964189
20027,5,40.1,36.910110822099156
20029,5,41.5,38.55449560419068
20031,5,39.5,37.37881017793154
20079,5,37.3,36.954158192487945
20095,5,40.7,37.58534644097901
20105,5,41.2,37.639639519428805
20145,5,41.5,38.536689028695925
20147,5,37.6,37.4813004249333
20149,5,31.2,37.865165821660604
20151,5,38.7,37.129082368312034
20153,5,41.5,37.39940662746745
20157,5,38.2,37.541856573229026
20159,5,36.9,38.00420589578705
20181,5,40.5,37.08238518955948
20183,5,41.0,37.38157917265214
20189,5,40.3,38.136353606747456
20193,5,34.3,37.19354395385092
20199,5,40.6,39.02268248237256
21011,5,38.4,42.22421140204426
21013,5,44.2,42.35776402043042
21019,5,40.8,39.067085298153465
21021,5,38.0,38.29378712355528
21045,5,41.4,42.468414611461455
21053,5,39.6,41.87764931500036
21059,5,35.6,38.46775627894271
21061,5,42.7,40.185409453601224
21069,5,41.0,41.347550814139595
21071,5,39.9,42.17413252626504
21085,5,42.2,40.7359312165891
21105,5,40.8,40.321688251263204
21119,5,42.5,42.59754664292527
21131,5,43.7,42.394344768622375
21147,5,43.2,43.98128341661732
21149,5,39.8,39.22214375721547
21153,5,44.8,42.896825028486916
21159,5,43.3,44.12786037099286
21161,5,40.0,39.401790057535784
21167,5,38.4,38.86194569194522
21181,5,40.2,40.85657162585094
21183,5,40.3,40.20600691046668
21191,5,39.9,39.59799696881118
21193,5,41.0,41.88935444621403
21213,5,41.0,38.30794561970597
21219,5,39.6,42.04764848501391
22019,5,43.0,40.95982879873912
22027,5,45.1,43.667833082356054
22033,5,37.9,41.30567128779166
22041,5,45.1,44.690249081158555
22047,5,45.7,43.03575867833274
22049,5,40.6,42.31109932270777
22061,5,42.0,42.679329967810084
22067,5,44.7,45.124778759716115
22069,5,45.0,42.6682474849964
22071,5,38.1,41.226009528242585
22083,5,43.3,44.3230223423462
22085,5,46.4,41.6072864190441
22089,5,37.3,39.321285282116946
22093,5,43.9,42.321752515234834
22095,5,43.8,42.51306828065898
22097,5,48.4,45.68104308114
22099,5,40.9,42.36521642933135
22101,5,44.6,42.70984187581651
22105,5,42.3,41.52613603093886
22113,5,39.1,41.15097376909466
22121,5,40.6,40.926076227344126
22123,5,41.0,41.53479144862987
23021,5,35.8,36.51063552790738
23027,5,33.5,36.68085331838804
23029,5,37.7,38.692874369270754
24013,5,31.5,31.722347956443606
24025,5,34.8,33.384463163657884
24041,5,31.7,32.21858714660358
24510,5,38.5,40.5894225379259
25005,5,33.0,34.5891934152451
25009,5,30.8,32.009936216832884
25011,5,25.8,33.87764243794903
25015,5,27.7,30.88844750550143
25017,5,22.1,26.43664699743178
25019,5,28.3,23.535124893160862
26007,5,38.7,37.029474310148316
26029,5,36.6,34.54186595219106
26039,5,38.2,37.184398275434404
26067,5,38.7,37.63393224405871
26087,5,35.5,35.731514618715586
26103,5,32.0,36.53342659681691
26117,5,39.2,38.70154242252599
26135,5,36.9,38.49822814330779
26141,5,35.9,35.90863785952188
26145,5,43.0,39.810369741219205
26147,5,40.8,36.67159812125022
26153,5,37.5,36.44909797625149
26165,5,38.2,38.619035656458195
27011,5,42.6,37.082065425893255
27035,5,38.6,36.17474351443701
27041,5,38.6,35.98970622747418
27079,5,38.7,35.684564887657295
27083,5,45.5,36.158030735570414
27095,5,42.6,36.608622461095365
27113,5,30.5,37.29552799322963
27117,5,39.5,38.43938567282012
27121,5,38.1,35.42466138076873
27125,5,36.8,38.01408597195263
27155,5,38.3,37.46893815042994
27163,5,30.9,31.031222347221416
27167,5,41.1,37.563543040841594
28013,5,41.9,43.492609183144985
28029,5,46.3,44.61954652325727
28031,5,41.4,43.478221610642166
28043,5,45.0,44.17050268361195
28045,5,36.3,38.68163481761782
28081,5,40.6,40.2653432741647
28089,5,37.2,37.75838142865174
28091,5,44.1,44.05695028210751
28093,5,44.4,44.12059955339839
28099,5,42.4,43.67765685191454
28103,5,47.0,47.98091135167785
28153,5,45.5,44.89752885222958
29005,5,39.4,38.91043915203924
29007,5,40.2,40.090291634411734
29013,5,38.3,38.892365435582676
29017,5,41.2,38.86681145120013
29019,5,33.1,36.715624499508316
29033,5,38.9,38.065584576156205
29039,5,42.0,41.25514801874424
29041,5,36.2,38.5739004485714
29049,5,38.2,37.793118663550295
29057,5,44.5,39.38213279981967
29079,5,39.7,40.49854129141118
29081,5,42.5,40.29169670570069
29087,5,39.6,38.16078956617188
29089,5,40.0,38.901857100833695
29093,5,39.4,40.14474257017174
29103,5,38.9,40.63357779720272
29105,5,44.1,40.4026379040226
29107,5,38.9,36.96429776579422
29111,5,39.9,39.916229300569874
29117,5,38.6,38.6338260189594
29129,5,42.4,38.87732388402903
29133,5,44.5,42.705038634512505
29145,5,36.9,38.46656781616671
29185,5,41.1,40.55131586251163
29187,5,40.0,39.391909568928554
29189,5,33.4,36.0540774424573
29209,5,40.0,36.92399650849302
29221,5,39.0,41.426410615605455
29229,5,40.9,42.177842259288
30009,5,29.0,33.4788301308292
30013,5,35.6,37.40857780679365
30025,5,33.5,38.59341538952199
30069,5,32.8,37.17260494882844
30079,5,36.5,37.80541961676618
30081,5,32.7,35.99685737391745
30087,5,39.7,38.5934194564378
30089,5,35.3,36.58301996779863
30091,5,32.7,35.58642180444834
30095,5,31.9,34.626466094801685
30105,5,36.1,37.10330651172582
31003,5,40.8,38.94355853576155
31005,5,39.0,39.62078548117449
31029,5,38.5,38.057452081689576
31033,5,41.2,37.06028311675376
31035,5,44.2,37.64838088642168
31059,5,38.9,37.165683748456196
31063,5,40.6,38.39290481275138
31065,5,41.4,38.61596401882079
31067,5,42.6,38.28655236971167
31071,5,37.9,37.49438116889497
31073,5,38.7,36.360995820980584
31077,5,38.1,38.97213410891901
31079,5,38.0,38.65052420963096
31081,5,41.7,36.81406775868951
31093,5,38.1,37.21620608173775
31097,5,40.3,37.6046634558168
31099,5,38.3,37.2215695007743
31103,5,39.8,39.01737086380098
31115,5,38.7,38.29947209998656
31117,5,40.8,37.03990859727422
31121,5,40.1,37.98015590347747
31137,5,43.2,36.68719014988766
31151,5,40.8,37.84421109482353
31173,5,48.8,41.529052923007995
31175,5,40.2,39.114830957624235
32023,5,32.0,34.934773753922805
33001,5,30.3,32.73831557214775
33003,5,28.5,31.98216737535214
33005,5,31.2,35.061637959173254
34003,5,25.8,26.15590255371167
34013,5,29.1,37.748972823095926
34029,5,33.2,35.62351474241752
34031,5,31.7,33.99398427677382
34037,5,29.3,30.774509762867012
34041,5,29.1,33.03938696279556
35011,5,33.1,38.23810816821408
35015,5,39.1,37.13069868292476
35021,5,35.0,35.636354530414074
35027,5,30.5,34.774000722880245
35033,5,37.0,36.15415702395823
35041,5,34.3,39.61188951970153
35053,5,35.0,37.46494160124353
35059,5,35.4,38.05022213771769
36001,5,33.5,32.700022259465456
36005,5,37.2,40.899967737696656
36013,5,34.7,37.93531212608101
36041,5,37.3,32.569968217388535
36045,5,37.4,37.33291645388088
36065,5,38.2,36.202981110134104
36071,5,37.3,34.45508933139957
36085,5,29.4,31.00069354152957
36121,5,35.8,36.15671979679616
37003,5,33.8,37.92016935101671
37015,5,43.5,43.50567625286615
37019,5,30.9,33.436557330199086
37025,5,34.6,35.95477836966827
37033,5,35.5,40.83918707543921
37041,5,39.4,40.15248496593177
37047,5,39.2,42.03539605059229
37073,5,37.3,39.599619528221936
37081,5,33.5,37.845389975620186
37095,5,39.2,37.36806169280274
37097,5,33.5,36.41212735265835
37145,5,40.5,40.35091231540784
37151,5,32.5,37.78478399029257
37153,5,39.8,43.07692644607458
37173,5,36.8,37.49152175854713
37183,5,25.6,32.722222922721336
37197,5,36.1,37.95021586912773
37199,5,32.3,38.01148194913033
38007,5,35.9,28.137433447521317
38027,5,39.7,37.97068804850483
38031,5,39.9,36.23453088619542
38047,5,38.2,39.561233054795544
38089,5,39.3,37.367423115644065
39005,5,40.5,38.10264237025418
39011,5,42.6,37.51878123989695
39023,5,41.8,38.65718436247915
39027,5,41.6,37.68538695632081
39041,5,32.2,29.150314483649296
39051,5,42.4,36.62678489724368
39053,5,40.1,40.12992610586048
39059,5,41.5,38.69458752732248
39065,5,45.3,39.5741864888079
39069,5,42.8,36.6378713812779
39077,5,41.9,37.971183858167095
39081,5,40.1,38.43399532737251
39093,5,39.6,37.22073251250485
39099,5,39.7,38.766624360655534
39105,5,48.7,40.28069336226506
39131,5,40.6,40.61270058162654
39139,5,39.8,39.009929187875166
39147,5,47.1,37.85429737477653
40023,5,45.4,40.04310246736655
40031,5,43.8,39.92473390436926
40035,5,43.6,38.11877354225854
40039,5,38.8,38.871512800106345
40045,5,41.2,38.52391272787882
40065,5,42.7,38.370296376229504
40073,5,41.3,37.98038739311755
40091,5,42.1,38.05041232097015
40117,5,40.7,38.84877663634158
40135,5,41.2,39.60277404880866
40147,5,41.6,37.74577716483839
40149,5,40.7,40.05684048630793
40151,5,40.7,37.336906753012514
40153,5,42.0,38.247025670375585
41009,5,36.9,34.18728454417071
41013,5,33.0,35.446093776268135
41027,5,30.5,33.903138417354384
41033,5,32.8,36.783658571019934
41047,5,39.4,36.29225171875356
41069,5,35.3,36.97021197789127
42001,5,37.3,34.85326811688847
42005,5,37.9,37.12677355068041
42033,5,36.9,36.66506468242914
42037,5,37.2,36.35995795824758
42055,5,39.2,36.399743578825266
42057,5,36.0,38.35702373455738
42061,5,35.8,37.60912426319309
42081,5,35.6,36.812789599520656
42083,5,36.3,37.62614752146532
42115,5,33.2,37.00879134251883
42127,5,35.2,35.798430179260414
42129,5,31.4,35.41542979505258
44003,5,32.9,32.94681117404202
45005,5,44.5,46.91714746438254
45017,5,38.4,43.214954883315336
45031,5,41.4,43.22107642960738
45035,5,36.4,38.3362800998013
45037,5,39.1,39.7363534963076
45045,5,30.0,36.51576412687907
45055,5,36.5,40.44477733784461
45069,5,46.0,44.62042820236171
45087,5,42.9,42.80580293330091
46015,5,36.8,38.228146357778485
46019,5,34.9,38.26577588435551
46029,5,39.8,36.88467264586459
46063,5,33.7,38.957681651497666
46065,5,34.8,36.219354964115965
46069,5,35.2,37.23303627213148
46075,5,35.5,33.6762337114423
46079,5,35.8,35.85907485562589
46083,5,32.6,36.09292838852218
47013,5,39.2,40.25041466536642
47023,5,39.2,39.925129024933085
47025,5,41.1,39.82677174239908
47027,5,39.4,40.34380476685697
47029,5,41.5,40.30361272657818
47047,5,36.8,37.436324129521516
47049,5,40.1,40.5780175561725
47057,5,38.0,40.11187751225808
47059,5,38.0,37.99220316036431
47067,5,42.6,41.49344068965391
47069,5,47.5,42.84054583812553
47117,5,40.1,38.627214115433674
47129,5,40.2,40.51713522004935
47137,5,39.8,38.38329449405917
47141,5,38.4,38.04099485610215
47143,5,39.3,39.12821900109043
47163,5,40.7,38.072599498937265
47167,5,39.4,39.87757679372698
47181,5,40.3,39.96718632914205
48005,5,41.1,40.2680256928653
48009,5,36.1,36.796761723800124
48011,5,34.4,36.359111668358516
48015,5,36.3,37.215061296659414
48017,5,37.9,40.89820914124034
48033,5,33.2,37.20170480177425
48043,5,35.9,35.45715565126403
48047,5,45.0,40.015576474547174
48057,5,36.7,33.978801264338756
48061,5,47.6,39.84641661970809
48081,5,39.6,37.62130207971158
48083,5,38.2,38.67095798460338
48085,5,28.6,28.832334649129592
48087,5,39.4,39.15792608923088
48099,5,37.7,39.1961321680672
48105,5,38.6,36.196522091274964
48107,5,41.3,40.718594851897905
48113,5,34.8,36.78772301352863
48147,5,37.8,38.7524290881383
48149,5,36.0,35.428642913626064
48159,5,34.5,38.892912491120896
48165,5,40.3,41.52986526769285
48177,5,39.5,39.27742933388466
48193,5,37.5,37.31740219853318
48195,5,36.8,38.589992115557635
48203,5,39.9,40.42096584430329
48219,5,41.3,39.521326720748014
48227,5,41.6,37.85860828427686
48241,5,40.7,41.11447189466435
48249,5,42.6,39.534110301338956
48257,5,37.5,38.53326285873797
48289,5,37.6,38.65896638646496
48297,5,40.9,35.85925326656757
48319,5,36.3,35.3672726952207
48323,5,45.2,40.81303276527884
48329,5,38.4,35.21803561426131
48349,5,42.3,40.64700633374288
48353,5,41.8,40.48707235400927
48355,5,44.0,36.476164932573575
48359,5,36.7,38.961489172671776
48361,5,41.6,38.18910461193336
48371,5,42.0,38.61903269076468
48375,5,38.6,38.827794092277294
48377,5,44.2,38.204680065546356
48397,5,34.9,30.63181642544327
48427,5,47.8,42.80872987357768
48431,5,36.7,37.09922067452338
48435,5,41.6,37.38629221293075
48437,5,42.8,39.968140360810544
48439,5,37.7,36.4021358940965
48463,5,41.6,38.77783936118616
48471,5,42.2,39.63592858088904
48503,5,38.7,38.087616529679394
49007,5,35.0,40.05865200630261
49015,5,34.5,40.57316056009824
49041,5,35.1,39.41475088682573
49053,5,29.1,37.87758149383904
49055,5,33.2,34.200055028396335
49057,5,34.4,37.59870158103333
50001,5,26.4,32.872555767776234
50011,5,31.1,36.57333046723699
50025,5,26.0,33.96908345246825
51003,5,31.7,31.315332792990763
51007,5,43.0,38.21398071427516
51023,5,35.7,35.23394074087586
51035,5,38.9,38.834156710462004
51047,5,38.2,35.671396903721636
51053,5,38.2,39.32649491206928
51061,5,33.4,31.93586409726386
51071,5,36.9,38.296763107811316
51083,5,43.1,41.238652387495556
51093,5,38.9,35.247567022333236
51099,5,35.2,34.58035380281032
51139,5,40.2,37.63366664354398
51159,5,38.6,39.10851641819863
51161,5,34.2,34.561922388433025
51181,5,39.4,38.4771108124468
51191,5,37.2,37.33325929604638
51193,5,41.7,37.681863868783935
51197,5,38.4,38.216982543937156
51530,5,40.1,38.58098400953294
51620,5,46.9,43.08968046435905
51683,5,35.1,31.02282194436389
51685,5,37.4,33.18080558252518
51690,5,44.5,41.93300963901543
51710,5,40.0,38.38125603424764
51730,5,46.5,44.61885548767967
51750,5,38.1,38.282723822040076
51775,5,35.2,35.588940999277135
51840,5,37.9,34.69124049056521
53003,5,34.8,37.32501323513887
53007,5,28.8,34.907876001091694
53019,5,36.1,37.82158496553442
53023,5,36.6,36.083424182489985
53025,5,42.0,38.33022497228127
53039,5,32.5,35.748200805736616
53049,5,36.5,34.08191252073314
53053,5,35.8,32.65543195915725
53063,5,34.0,35.854058795418055
53069,5,40.3,34.896463367084
53077,5,42.0,38.30471521032604
54009,5,39.8,37.09958862483174
54021,5,40.3,40.05976522774392
54033,5,40.4,38.14606181284777
54037,5,34.8,33.94500773340232
54041,5,40.5,38.91864206356139
54043,5,44.7,40.43556089918753
54045,5,41.0,39.99912888531817
54053,5,44.3,40.19623751582746
54067,5,39.4,38.28509421811131
54087,5,39.8,40.14737652774449
55003,5,38.0,36.90127789454865
55007,5,37.5,33.26676142148888
55011,5,40.1,35.28982162515136
55017,5,40.0,37.01749253838527
55021,5,38.7,34.74699704375314
55023,5,39.1,37.09914705664926
55029,5,37.2,30.769333777713175
55037,5,40.1,33.25794915411328
55043,5,40.5,37.843496654587945
55045,5,40.2,35.277953477820255
55047,5,41.3,36.84419303593167
55053,5,44.5,37.77040904518653
55059,5,43.2,35.960747538474486
55067,5,39.7,36.5049391814331
55071,5,43.5,36.16101751475465
55091,5,39.3,35.91362803196586
55103,5,41.8,38.065855421992175
55107,5,36.8,37.561699068334505
55109,5,33.6,33.75362480057794
55113,5,41.1,34.10234752546544
55115,5,45.0,35.905594247372406
55135,5,36.7,36.17462490169241
55139,5,39.6,35.74307920144107
55141,5,40.9,37.25677257364534
56005,5,35.0,35.80506809523493
56029,5,33.2,35.9222043983873
