FIPS,fold,actual,predicted
01001,1,38.4,38.03654
01029,1,39.4,40.147243
01035,1,44.7,44.79805
01045,1,44.3,39.9238
01051,1,36.4,38.539146
01059,1,39.6,40.918232
01061,1,38.2,40.722843
01063,1,51.0,49.00274
01065,1,44.4,45.299637
01087,1,47.7,47.132896
01089,1,35.7,36.459316
01091,1,46.1,44.91686
01097,1,42.2,40.842762
01103,1,38.7,38.45684
01105,1,50.0,47.998558
01113,1,46.9,44.258335
01127,1,42.9,40.391357
02013,1,30.9,31.518904
02020,1,29.6,30.800032
02050,1,41.5,39.13006
02066,1,32.6,36.444412
02090,1,32.1,37.648403
02122,1,32.0,34.241394
02185,1,40.7,34.563854
02188,1,38.0,38.144096
02240,1,37.3,37.91358
04011,1,32.5,38.126884
04021,1,38.9,35.548134
04027,1,42.3,37.7605
05017,1,44.6,45.197792
05025,1,41.0,39.673756
05045,1,37.8,39.251877
05047,1,40.1,39.546627
05055,1,37.6,39.84162
05059,1,38.6,40.590492
05065,1,36.9,37.966118
05075,1,41.5,41.231342
05081,1,38.9,40.359642
05101,1,39.5,38.231842
05109,1,37.1,40.853554
05117,1,38.3,39.400578
05123,1,44.5,44.97391
05125,1,37.2,38.196007
05127,1,38.4,38.310165
05129,1,40.8,39.03206
05131,1,35.9,39.376484
05133,1,41.5,40.83354
05143,1,33.5,36.400856
05145,1,40.4,40.31993
06003,1,29.9,28.738735
06011,1,32.2,40.37151
06015,1,33.8,37.37012
06019,1,39.0,34.610645
06033,1,30.7,35.110043
06049,1,30.0,33.91177
06055,1,28.7,27.821741
06063,1,29.1,32.197815
06093,1,32.9,34.45927
06105,1,32.4,34.83196
06107,1,38.0,36.80924
08003,1,31.9,38.227818
08013,1,18.6,25.453331
08017,1,27.6,38.061523
08021,1,30.5,39.012707
08023,1,33.7,35.80358
08041,1,28.1,35.021023
08049,1,24.9,24.326305
08067,1,24.8,28.934816
08073,1,30.3,38.273804
08087,1,31.3,37.932465
08091,1,24.8,27.548092
08101,1,31.4,37.212666
08105,1,26.4,37.23241
08107,1,24.4,26.78592
10001,1,39.3,36.703514
12001,1,33.0,34.991566
12003,1,37.6,39.39032
12011,1,31.8,33.88768
12017,1,34.5,35.109802
12019,1,35.6,36.359615
12023,1,38.3,39.58735
12027,1,44.2,40.327953
12039,1,44.3,44.73497
12041,1,36.9,38.827583
12063,1,42.7,41.352478
12069,1,34.8,34.690174
12085,1,27.6,31.706509
12097,1,31.0,37.8346
12107,1,39.8,39.884014
12111,1,34.7,35.730003
12115,1,28.8,31.096027
13015,1,37.8,38.49398
13027,1,42.1,42.75329
13047,1,36.6,37.86304
13059,1,37.0,36.98592
13063,1,45.4,42.20525
13065,1,44.9,42.83926
13071,1,40.4,41.55893
13075,1,40.7,41.415615
13083,1,36.0,34.858463
13089,1,33.5,34.799355
13103,1,38.6,37.886944
13107,1,42.7,42.584694
13109,1,44.8,41.878937
13115,1,40.1,38.174458
13119,1,36.7,39.160954
13121,1,30.0,31.644762
13127,1,35.9,37.730133
13129,1,40.0,39.431847
13141,1,47.5,47.037575
13143,1,33.8,39.053936
13157,1,41.5,37.627224
13163,1,44.2,43.559902
13169,1,39.9,40.46251
13185,1,39.5,41.675117
13187,1,35.1,31.834913
13199,1,40.7,42.423336
13201,1,41.7,41.742416
13215,1,41.7,41.91513
13217,1,42.3,39.214878
13235,1,43.5,41.426086
13247,1,44.9,40.244076
13257,1,37.5,39.348476
13259,1,43.2,39.13228
13267,1,46.1,41.10829
13299,1,39.5,42.016674
13301,1,44.6,44.83562
13309,1,47.5,42.42347
13311,1,35.5,36.09045
13315,1,41.5,42.823406
16001,1,28.7,34.18136
16021,1,30.9,36.863052
16023,1,35.7,39.374737
16027,1,37.7,35.15372
16041,1,33.1,36.98584
16043,1,33.7,36.61309
16047,1,37.4,35.69642
16049,1,32.6,36.805187
16057,1,29.1,34.05483
16069,1,35.5,36.680683
16075,1,37.4,36.092636
16077,1,37.7,38.135372
17013,1,34.6,36.28872
17017,1,38.5,39.14323
17021,1,36.4,37.27558
17023,1,35.0,39.218388
17027,1,35.3,37.557884
17029,1,38.5,38.70867
17035,1,37.2,37.85351
17045,1,37.4,37.475277
17047,1,37.2,38.600033
17049,1,35.5,36.9795
17067,1,35.1,38.796955
17099,1,36.6,35.856453
17109,1,39.3,36.649036
17133,1,32.6,31.900045
17165,1,39.6,40.034527
17177,1,42.1,37.8423
17181,1,37.6,38.51848
17183,1,41.0,40.63714
17185,1,37.6,35.282314
17189,1,35.8,38.554874
17195,1,35.3,38.076935
18003,1,38.3,37.73545
18007,1,40.3,39.073956
18011,1,35.5,36.3022
18021,1,42.3,38.724506
18031,1,41.6,37.27899
18075,1,42.1,39.79828
18079,1,41.8,40.01003
18093,1,39.8,39.695236
18109,1,37.8,38.35176
18113,1,36.5,37.421635
18133,1,39.4,36.856544
18139,1,41.5,39.717453
18143,1,39.5,39.510468
18149,1,40.1,39.48618
18151,1,34.1,35.41996
18165,1,40.8,38.657574
18173,1,39.8,37.848274
19007,1,43.3,39.302246
19015,1,38.6,38.549175
19017,1,39.5,37.87599
19033,1,38.4,37.20286
19047,1,44.5,39.09455
19055,1,40.6,37.632484
19057,1,36.6,38.97733
19061,1,41.5,37.896996
19071,1,36.3,37.27944
19115,1,44.8,35.204018
19117,1,41.1,38.340168
19151,1,37.2,39.265606
19155,1,42.6,38.36704
19161,1,41.1,39.036793
19165,1,35.0,38.733738
19175,1,38.1,39.83271
19185,1,39.3,38.325066
20013,1,41.2,40.360184
20033,1,38.7,40.10544
20039,1,38.6,38.647957
20045,1,37.7,35.923264
20063,1,40.2,33.91831
20091,1,31.6,31.064152
20093,1,43.4,37.567753
20097,1,35.4,38.766144
20103,1,40.1,37.662476
20113,1,35.3,37.207947
20119,1,40.4,36.96186
20123,1,40.1,38.92784
20127,1,40.4,37.05988
20163,1,38.3,40.308857
20167,1,37.0,39.708412
20169,1,37.9,36.68789
20177,1,40.0,37.191288
21027,1,40.1,41.50279
21035,1,40.6,38.480457
21065,1,42.2,42.295322
21093,1,38.9,38.88562
21103,1,40.6,39.340725
21111,1,37.2,37.31923
21117,1,34.7,38.216602
21125,1,41.1,40.80041
21133,1,40.6,42.82415
21151,1,35.9,37.98643
21157,1,38.5,38.25591
21171,1,39.4,42.450737
21173,1,42.3,40.690285
21185,1,34.2,34.358395
21189,1,41.2,41.853706
21197,1,39.7,41.360023
21207,1,40.0,41.917923
21209,1,36.4,37.26491
21215,1,36.9,37.449394
21217,1,38.2,39.821323
21229,1,37.4,39.239132
21233,1,38.2,40.165348
21235,1,41.4,41.4989
22001,1,36.8,41.588707
22009,1,45.8,42.68289
22021,1,39.1,42.28072
22035,1,51.3,48.537483
22037,1,40.3,41.247665
22045,1,43.4,41.115223
22055,1,34.7,39.57795
22057,1,42.7,39.52133
22059,1,39.9,39.71841
22081,1,46.4,44.834343
22107,1,46.6,45.274376
22111,1,43.9,41.88752
23019,1,38.8,35.74846
24027,1,26.9,28.767197
24039,1,43.6,40.65795
24043,1,42.3,36.37556
25013,1,35.9,35.205776
25023,1,30.2,34.703915
25025,1,28.0,27.28865
26003,1,34.7,38.212936
26005,1,31.6,37.55306
26009,1,34.8,36.82798
26015,1,33.8,37.666412
26023,1,39.6,38.87395
26031,1,36.8,35.753517
26035,1,42.3,38.756405
26037,1,35.9,35.856483
26055,1,30.8,32.943142
26089,1,31.2,27.881746
26093,1,35.4,33.24752
26095,1,39.0,37.874744
26129,1,38.3,38.211758
26137,1,34.4,38.054646
26143,1,35.4,36.68969
26157,1,39.4,39.72804
27001,1,36.2,37.920486
27005,1,39.3,38.499584
27019,1,33.1,35.625896
27021,1,38.1,35.919323
27029,1,39.2,37.340424
27033,1,39.3,37.169117
27047,1,40.6,35.15493
27077,1,38.3,35.839603
27087,1,44.3,39.62212
27089,1,42.2,37.741817
27105,1,40.7,37.965904
27107,1,37.9,38.084457
27115,1,38.9,36.46824
27127,1,39.0,37.15348
27133,1,37.8,36.974648
27141,1,37.7,37.106243
27149,1,37.9,37.596092
27157,1,33.1,38.95616
27173,1,39.6,38.10632
28007,1,44.4,44.2349
28011,1,45.6,46.910583
28017,1,47.3,44.01003
28035,1,43.9,41.64536
28037,1,42.3,43.389973
28039,1,40.4,39.87426
28051,1,53.0,49.51823
28063,1,52.2,48.70167
28075,1,39.3,44.045506
28085,1,42.9,41.619305
28087,1,44.1,42.63117
28097,1,45.5,44.530373
28101,1,44.3,41.834816
28113,1,46.1,44.99924
28115,1,43.4,40.52952
28121,1,36.3,38.390667
28123,1,45.8,41.769585
28125,1,49.8,48.287914
28135,1,45.3,46.113686
28137,1,40.4,40.37915
28161,1,43.1,42.894096
29003,1,42.1,39.26651
29009,1,38.4,38.761158
29061,1,37.4,39.78891
29067,1,38.7,40.043327
29069,1,43.1,40.778553
29071,1,38.8,38.619736
29073,1,38.6,37.97268
29099,1,39.1,37.187817
29125,1,38.8,39.566113
29139,1,41.2,39.762375
29157,1,37.3,38.93792
29167,1,42.0,39.18766
29173,1,40.0,39.34218
29175,1,41.6,40.473774
29179,1,40.6,40.35641
29183,1,36.1,35.677788
29186,1,36.7,39.42921
29195,1,39.1,39.0797
29207,1,45.2,40.722622
29211,1,40.0,40.240196
29223,1,41.4,40.107876
30005,1,41.4,41.028984
30019,1,31.9,35.612595
30035,1,36.2,42.108765
30051,1,37.4,37.482853
30055,1,34.2,35.768116
30059,1,33.7,37.915424
30067,1,27.7,32.563675
31009,1,39.4,37.49155
31017,1,40.6,37.01531
31025,1,38.1,39.137672
31037,1,38.8,39.43942
31039,1,39.7,36.55152
31047,1,41.4,38.534954
31049,1,38.5,38.684353
31051,1,40.5,36.615017
31075,1,36.6,37.744534
31087,1,43.4,39.164474
31095,1,39.9,38.208282
31101,1,37.0,37.706566
31111,1,39.4,38.376495
31127,1,40.9,39.754063
31139,1,41.4,37.719078
31141,1,36.4,37.18834
31149,1,41.0,38.386337
31153,1,38.4,35.967155
31159,1,41.7,38.37973
31169,1,40.2,36.685383
31171,1,36.9,37.39778
31181,1,39.5,39.776142
32005,1,30.5,29.733887
32009,1,35.5,34.720936
32027,1,34.8,37.52463
32031,1,29.8,31.80031
33013,1,30.7,32.596016
33015,1,31.7,29.464314
33019,1,32.3,34.431408
34005,1,32.6,31.354239
34017,1,30.7,25.299866
34021,1,30.7,29.547295
34025,1,29.3,27.749903
35003,1,33.0,37.779324
35006,1,38.3,40.879776
35023,1,34.9,39.13365
35025,1,35.5,40.964695
35031,1,37.4,42.55697
35035,1,38.8,37.900253
35047,1,35.1,39.91204
35049,1,23.1,27.075005
35057,1,34.8,39.85534
36021,1,33.0,30.26713
36025,1,35.9,35.1572
36043,1,37.8,37.01388
36047,1,26.9,31.037851
36083,1,34.6,34.562756
36091,1,32.1,32.087727
36101,1,36.6,38.335453
36107,1,35.2,36.77501
36115,1,36.0,37.19244
37013,1,38.3,40.286385
37057,1,34.5,37.858124
37059,1,34.0,34.743366
37065,1,40.5,45.495472
37071,1,36.5,38.36092
37077,1,37.5,38.224834
37085,1,39.4,38.94574
37087,1,31.5,34.309315
37109,1,33.2,37.32105
37117,1,38.5,42.42906
37131,1,40.3,44.335262
37135,1,26.3,28.073122
37149,1,32.2,35.940685
37165,1,41.1,42.398174
37169,1,33.1,38.682407
37189,1,33.7,32.90298
38005,1,42.1,42.16712
38021,1,38.4,39.035667
38033,1,40.9,35.714993
38045,1,37.6,36.218594
38051,1,40.9,36.509144
38059,1,35.8,38.8098
38063,1,39.2,36.02518
38065,1,40.0,36.060417
38081,1,36.0,36.39722
38085,1,49.4,44.30145
38091,1,37.2,36.263588
38093,1,40.2,36.08955
39003,1,47.1,39.447536
39013,1,43.0,40.0925
39031,1,40.5,40.68416
39061,1,38.6,37.090942
39085,1,40.9,33.885235
39095,1,42.4,38.470158
39097,1,41.7,36.959282
39101,1,45.2,38.780075
39113,1,41.5,37.922134
39127,1,42.9,39.108257
39141,1,42.2,39.93691
39145,1,43.7,41.62555
39151,1,38.3,38.806526
39153,1,39.5,36.148666
39167,1,44.7,37.913773
39171,1,41.5,39.07531
39175,1,40.0,38.25285
40017,1,42.4,36.21618
40021,1,44.3,41.678665
40067,1,45.2,41.72397
40071,1,44.0,40.2412
40077,1,46.4,40.149925
40087,1,37.9,37.850563
40093,1,41.6,36.91894
40097,1,43.1,38.79502
40105,1,41.2,40.807384
40109,1,39.4,38.324375
40121,1,41.4,40.602783
40123,1,43.3,40.307255
40133,1,43.0,42.15325
40141,1,42.4,42.127827
40145,1,43.5,37.58482
41003,1,26.4,28.720453
41025,1,34.8,36.20442
41053,1,34.4,33.939564
41065,1,32.9,35.38974
41067,1,29.6,28.242085
41071,1,34.5,34.44708
42003,1,32.0,32.743996
42023,1,38.0,35.087772
42039,1,37.8,38.506638
42043,1,34.3,34.62184
42051,1,34.8,39.687378
42063,1,40.1,37.766876
42065,1,35.8,39.483047
42069,1,33.2,34.815975
42071,1,35.7,34.80249
42075,1,37.3,36.308723
42095,1,33.7,29.011585
42125,1,38.2,35.540577
44001,1,25.6,28.34816
45007,1,38.5,39.803547
45009,1,44.3,45.045357
45013,1,27.9,33.33867
45049,1,43.7,44.416122
45065,1,38.3,42.627
45067,1,42.4,44.626526
45081,1,38.9,39.91655
46021,1,35.0,35.087296
46023,1,38.5,41.323288
46025,1,38.0,37.601875
46037,1,37.8,37.059204
46049,1,37.2,35.8852
46077,1,34.2,36.366955
46081,1,35.0,32.830666
46085,1,39.9,41.30143
46119,1,37.4,34.565845
46123,1,41.2,40.194744
46127,1,32.6,35.983208
46129,1,34.8,38.079613
46137,1,44.9,43.770958
47015,1,36.2,39.115997
47017,1,40.6,39.935135
47035,1,37.4,36.697872
47039,1,41.5,39.01149
47041,1,41.7,40.753498
47043,1,35.1,38.71259
47051,1,39.0,37.39992
47063,1,38.7,39.674232
47079,1,39.4,38.862812
47089,1,38.8,39.067913
47091,1,39.1,39.51937
47095,1,44.8,42.125317
47103,1,40.5,39.949497
47107,1,40.4,39.561718
47111,1,40.4,40.502743
47113,1,39.5,39.61129
47123,1,36.1,39.91187
47131,1,40.9,39.830803
47133,1,38.0,39.823566
47187,1,28.7,30.647627
48007,1,40.3,33.54344
48019,1,36.0,34.58178
48027,1,39.0,37.88602
48029,1,37.3,38.58418
48039,1,39.6,33.83738
48045,1,43.3,39.139645
48049,1,38.3,39.03999
48053,1,41.7,33.754215
48055,1,39.0,40.9457
48067,1,38.6,40.151695
48073,1,39.1,40.706722
48077,1,34.5,36.346138
48091,1,39.1,32.784912
48093,1,39.1,37.703846
48103,1,40.3,40.451344
48115,1,42.6,42.555138
48123,1,41.0,37.085102
48131,1,42.6,43.811714
48137,1,42.3,36.38103
48141,1,39.3,41.779198
48143,1,39.7,37.117867
48145,1,42.7,40.631924
48155,1,40.4,37.337036
48163,1,41.6,43.22482
48175,1,38.9,38.83428
48197,1,37.1,40.06822
48205,1,35.2,38.2589
48251,1,41.6,37.461033
48255,1,40.5,39.737785
48259,1,32.8,30.365583
48291,1,39.8,39.405647
48299,1,38.5,32.876614
48335,1,41.1,39.4162
48339,1,35.4,36.889275
48341,1,39.0,39.972256
48389,1,42.7,42.938736
48391,1,40.7,39.57159
48395,1,37.9,40.83041
48401,1,39.6,39.532383
48411,1,39.4,37.967873
48413,1,39.7,40.626823
48449,1,40.2,40.539818
48451,1,37.6,38.844433
48465,1,42.1,41.374794
48469,1,39.1,38.30062
48477,1,37.1,36.134575
48487,1,41.4,37.928986
48489,1,48.8,43.82436
48499,1,35.9,36.306164
48507,1,47.7,45.671825
49035,1,32.8,34.005432
49047,1,34.5,35.829468
49049,1,30.7,33.99098
50005,1,29.7,34.780014
50007,1,24.5,30.925724
50017,1,26.7,35.035126
51005,1,40.9,38.733128
51021,1,39.5,37.82757
51027,1,44.6,41.96137
51031,1,42.5,37.728977
51033,1,41.6,37.31513
51037,1,40.7,41.18415
51063,1,36.8,38.425262
51073,1,36.6,34.599762
51077,1,42.4,37.94979
51089,1,43.4,38.978897
51097,1,41.8,38.53992
51103,1,40.6,37.811695
51121,1,35.8,36.29808
51125,1,34.8,37.445854
51127,1,37.2,33.68584
51137,1,36.8,34.593414
51141,1,40.8,37.48224
51143,1,43.9,39.970898
51153,1,33.1,32.116913
51169,1,38.6,40.417213
51185,1,40.7,40.985954
51195,1,41.7,40.734722
51199,1,33.7,32.856094
51640,1,41.1,38.84879
51650,1,42.2,38.236195
51660,1,40.4,37.123127
51740,1,45.2,40.670227
51830,1,37.7,34.89166
53001,1,38.3,38.358017
53011,1,32.6,34.63436
53015,1,39.0,35.348297
53017,1,37.8,32.12297
53051,1,32.8,36.69262
53059,1,35.8,33.81468
53071,1,32.7,32.553265
53073,1,28.2,32.4769
54003,1,40.3,37.806305
54007,1,39.5,41.466747
54013,1,44.7,41.585274
54023,1,41.1,40.177265
54057,1,43.1,38.178207
54071,1,38.5,39.358486
54089,1,42.8,39.972027
54093,1,37.9,39.688164
54103,1,37.1,38.70628
54109,1,46.0,41.947395
55015,1,39.7,36.776863
55027,1,40.5,36.51856
55033,1,41.0,34.294872
55049,1,39.4,37.719013
55078,1,43.4,43.124165
55095,1,40.0,36.454937
55097,1,36.0,33.473118
55099,1,42.1,36.28073
55111,1,39.6,36.74006
55125,1,35.1,33.871933
55131,1,37.1,35.104427
56009,1,37.0,38.692883
56011,1,31.2,34.80261
56027,1,36.9,35.793373
56039,1,22.2,25.470999
01015,2,38.3,40.731537
01025,2,44.4,44.460243
01037,2,42.8,40.53891
01099,2,42.7,44.660706
01115,2,33.0,38.452225
01119,2,45.2,48.228
02164,2,38.2,39.982494
02170,2,31.4,36.386642
02290,2,39.5,42.03351
04007,2,34.4,34.236492
04013,2,32.7,35.315994
04023,2,32.4,40.996803
05003,2,42.1,42.40547
05013,2,38.7,40.990513
05023,2,36.6,38.88053
05033,2,39.5,38.84441
05057,2,41.2,42.512184
05087,2,36.0,39.029324
05091,2,43.7,42.445816
05103,2,42.5,44.210888
05113,2,37.0,39.06434
05135,2,38.0,39.712402
06017,2,24.8,27.940742
06025,2,38.5,41.781998
06043,2,32.3,29.484941
06047,2,34.5,37.85824
06051,2,29.1,29.780039
06065,2,34.0,33.850845
06067,2,33.9,31.429102
06069,2,29.1,33.89318
06079,2,28.2,27.296247
06081,2,21.4,21.97531
06085,2,22.0,24.324478
06089,2,28.7,35.22115
06101,2,32.0,36.780514
06103,2,32.5,39.339504
06113,2,28.5,29.498636
08005,2,25.7,31.06725
08014,2,24.6,25.64529
08027,2,26.8,33.82162
08031,2,23.8,27.532856
08035,2,20.9,30.463394
08047,2,25.2,30.571827
08053,2,25.9,34.614098
08059,2,24.9,27.528366
08061,2,30.0,36.7763
08065,2,26.2,34.77966
08071,2,31.6,34.38953
08075,2,30.0,36.08712
08081,2,29.6,38.274063
08085,2,33.6,32.21928
08089,2,31.6,39.26609
08103,2,27.9,37.863266
08115,2,29.8,37.325073
08117,2,22.7,23.736103
08123,2,31.2,35.85447
12005,2,35.3,34.426285
12057,2,31.4,36.356247
12061,2,33.0,31.958256
12065,2,37.9,40.6682
12071,2,31.1,31.86276
12075,2,38.5,38.68687
12077,2,40.8,40.99472
12079,2,36.5,42.708958
12083,2,39.1,35.772346
12091,2,33.6,36.215973
12095,2,32.8,34.586014
12105,2,41.6,36.87688
12109,2,26.5,32.626076
13003,2,42.1,42.51485
13007,2,41.9,42.939117
13055,2,39.0,41.490726
13057,2,35.1,34.892025
13073,2,36.0,36.25122
13087,2,39.8,44.290237
13091,2,44.6,42.027344
13095,2,44.4,46.26702
13113,2,31.3,32.610664
13123,2,36.7,34.493694
13133,2,39.2,36.816372
13155,2,40.3,40.788334
13165,2,44.5,43.69995
13167,2,42.8,43.81659
13171,2,41.5,40.396374
13205,2,46.8,44.520798
13209,2,42.7,41.07837
13223,2,38.5,37.59572
13233,2,41.7,40.734344
13239,2,44.1,42.720524
13241,2,36.7,33.705734
13261,2,44.0,44.146004
13263,2,43.9,43.706997
13281,2,37.0,33.73753
13287,2,43.7,44.609116
13289,2,42.0,42.398586
13305,2,41.3,42.31233
13321,2,39.1,40.933556
15007,2,22.8,25.31492
15009,2,24.1,28.808731
16007,2,33.6,37.21257
16011,2,41.1,36.92894
16019,2,35.2,35.590584
16033,2,35.7,38.894478
16035,2,32.8,32.43176
16059,2,32.9,36.713715
16063,2,36.5,37.939873
17003,2,43.0,41.79701
17019,2,35.5,32.881683
17033,2,36.8,37.73581
17051,2,37.2,38.585304
17059,2,38.4,39.000084
17061,2,37.5,39.482956
17065,2,37.8,39.158386
17077,2,39.0,38.845562
17083,2,37.8,36.221752
17085,2,34.2,35.23167
17089,2,37.3,34.82993
17111,2,34.2,33.330986
17113,2,35.4,36.35592
17119,2,35.8,37.733086
17123,2,37.0,36.991615
17125,2,35.2,37.37761
17127,2,38.0,39.46527
17135,2,36.2,38.57633
17139,2,35.6,38.648567
17149,2,37.3,39.08489
17153,2,42.8,41.694935
17161,2,37.4,36.852734
17163,2,38.2,38.763187
17179,2,35.2,37.974743
18001,2,40.0,38.275604
18035,2,39.8,39.399956
18049,2,41.8,38.794197
18057,2,27.9,29.727259
18059,2,35.8,37.436317
18103,2,42.1,39.30664
18105,2,37.6,35.611523
18117,2,41.7,39.699333
18131,2,41.4,39.267403
18155,2,39.5,38.66166
18183,2,34.6,38.329315
19001,2,41.9,39.608368
19003,2,38.6,38.83889
19009,2,41.7,38.419617
19011,2,41.7,38.10357
19013,2,39.1,37.958313
19025,2,38.9,39.46779
19039,2,42.5,38.71577
19041,2,40.6,37.422935
19043,2,40.6,39.052574
19051,2,40.3,34.883827
19059,2,36.9,35.47476
19075,2,38.7,37.50956
19079,2,35.4,36.89259
19095,2,35.7,37.686794
19099,2,39.2,38.257015
19105,2,39.4,38.456154
19113,2,37.3,37.2181
19119,2,38.5,36.4388
19121,2,38.2,37.406296
19123,2,42.4,39.211052
19125,2,38.3,38.299576
19127,2,40.7,38.185604
19131,2,44.9,38.80374
19149,2,37.5,38.569088
19153,2,38.9,36.040142
19171,2,41.3,39.12846
19179,2,42.0,38.8489
19195,2,39.9,38.829712
20001,2,41.3,39.227272
20017,2,38.8,35.432064
20021,2,42.0,39.675495
20053,2,39.8,37.285732
20061,2,37.0,39.30966
20071,2,36.5,37.017666
20099,2,43.6,40.630497
20121,2,35.4,38.41884
20129,2,38.6,37.82301
20137,2,40.1,37.608
20143,2,36.9,39.861294
20155,2,38.0,38.742397
20161,2,35.2,33.379837
20175,2,45.5,36.624714
20191,2,39.8,39.567593
20195,2,36.2,37.24529
20197,2,41.2,38.77256
21001,2,37.3,42.01784
21009,2,40.7,40.713463
21025,2,43.1,42.917786
21029,2,38.1,38.548107
21031,2,42.8,40.19381
21039,2,40.8,39.492886
21041,2,40.4,40.277653
21047,2,41.8,40.385357
21049,2,40.0,39.199257
21051,2,43.2,43.726307
21057,2,42.8,40.9305
21063,2,42.2,41.394314
21075,2,45.4,41.28937
21077,2,40.3,39.169704
21079,2,39.5,39.619198
21083,2,40.5,41.02889
21087,2,42.0,41.57002
21095,2,44.7,42.925774
21097,2,40.0,39.996075
21101,2,40.3,39.802616
21113,2,36.7,38.661648
21123,2,42.3,40.237885
21135,2,46.3,42.37267
21139,2,41.1,40.047882
21143,2,38.3,36.74223
21145,2,41.6,37.868748
21165,2,40.8,42.89239
21175,2,38.7,41.13311
21177,2,41.4,41.553528
21179,2,34.4,38.810917
21205,2,41.5,39.1736
21211,2,36.1,36.218964
21223,2,38.6,38.094303
21227,2,36.3,37.19224
21239,2,35.1,36.502277
22015,2,44.7,38.786186
22017,2,45.9,44.026337
22023,2,39.8,39.351597
22039,2,46.3,43.38036
22043,2,38.8,40.979336
22087,2,44.1,41.021812
22091,2,46.3,44.82081
22103,2,35.1,37.621407
23007,2,33.4,35.841774
23009,2,28.3,33.901867
23015,2,31.8,33.443443
23017,2,36.7,38.06199
24003,2,34.7,32.221622
24005,2,33.2,33.338387
24011,2,38.6,38.608883
24015,2,37.6,37.69648
24021,2,31.2,31.534098
24023,2,37.3,38.3089
24031,2,24.2,28.23498
24045,2,36.7,38.028786
24047,2,36.2,32.991894
25001,2,26.5,30.519321
25003,2,28.9,32.044617
25007,2,28.6,28.39953
25021,2,27.0,29.36202
26011,2,38.3,37.84737
26019,2,35.0,33.143345
26021,2,40.0,37.899284
26025,2,38.9,39.01063
26027,2,35.1,38.122883
26041,2,35.6,36.723194
26059,2,36.8,39.11908
26063,2,38.8,37.975456
26075,2,39.7,38.393497
26079,2,35.7,37.11192
26081,2,33.5,35.90416
26097,2,38.1,36.00248
26109,2,37.3,35.802593
26119,2,38.0,37.27951
26125,2,29.7,31.19906
26131,2,38.1,38.1137
26149,2,37.4,39.36676
26151,2,38.5,39.29602
27013,2,42.1,33.875107
27031,2,34.8,32.38559
27039,2,37.6,37.725983
27055,2,38.4,36.425465
27059,2,38.6,38.44284
27063,2,40.0,38.760956
27067,2,36.6,38.377808
27091,2,38.0,38.298103
27099,2,40.7,37.763474
27101,2,40.5,35.92924
27109,2,35.4,34.867893
27135,2,33.3,37.504795
27137,2,36.7,35.453655
27139,2,33.6,32.353912
27143,2,40.7,37.89119
27169,2,34.8,34.71478
27171,2,37.2,35.091663
28003,2,42.4,40.538036
28009,2,43.6,43.26526
28025,2,42.6,45.085995
28041,2,42.6,42.101753
28055,2,46.1,45.887253
28057,2,37.8,40.758804
28059,2,38.4,38.86774
28067,2,43.4,41.89491
28071,2,40.0,36.983242
28077,2,43.3,42.784245
28095,2,40.9,41.13906
28105,2,41.1,39.838882
28107,2,46.0,45.166332
28109,2,40.3,41.222897
28127,2,41.7,43.0925
28143,2,50.1,47.24195
28147,2,41.4,45.250103
28157,2,49.3,49.55713
29001,2,42.0,39.8508
29025,2,40.0,40.375217
29037,2,35.1,37.422543
29043,2,36.7,37.568474
29045,2,40.4,40.117012
29053,2,41.1,39.383266
29055,2,38.7,40.211452
29063,2,42.3,39.121414
29115,2,41.4,41.279476
29121,2,36.9,40.126366
29123,2,38.0,40.373413
29135,2,39.8,39.8607
29151,2,36.6,37.786823
29153,2,44.2,39.663002
29161,2,39.2,38.93529
29181,2,42.8,42.244453
29205,2,41.4,39.989532
29219,2,37.6,38.72191
29510,2,36.7,39.509956
30031,2,23.7,26.110065
30037,2,34.1,38.225544
30041,2,34.9,38.219494
30045,2,33.4,36.60122
30061,2,35.1,37.713505
30065,2,33.3,37.275436
30075,2,33.2,34.745335
30101,2,35.1,36.53704
30103,2,31.0,35.986797
30107,2,35.4,38.576797
31007,2,39.0,35.530716
31019,2,43.4,38.068542
31021,2,40.6,38.5632
31027,2,40.4,38.37974
31031,2,42.0,39.19356
31041,2,38.7,39.224224
31055,2,35.8,35.209824
31057,2,41.2,37.041496
31113,2,37.9,37.71079
31119,2,40.3,38.26886
31133,2,39.2,40.280342
31135,2,39.3,37.820564
31143,2,40.2,38.052105
31161,2,36.3,39.051186
31165,2,40.9,36.534218
31179,2,37.3,34.042152
31185,2,38.9,37.863216
32001,2,33.6,36.86427
32007,2,35.5,35.829597
32011,2,33.9,34.53954
32017,2,32.1,39.35514
32510,2,32.6,30.952555
33007,2,35.9,36.70015
33017,2,32.9,31.085295
34007,2,32.8,33.03031
34009,2,31.7,29.69091
34019,2,26.5,23.704004
34023,2,26.9,28.190973
34027,2,25.9,24.435406
34035,2,26.9,25.57647
34039,2,28.0,30.856007
35009,2,34.9,39.86447
35017,2,35.0,33.585083
35019,2,35.6,37.90721
35029,2,38.7,40.645622
35039,2,38.8,36.451263
35043,2,31.1,36.575436
35045,2,38.1,39.75483
35051,2,33.7,33.031673
35055,2,29.0,32.060455
35061,2,35.5,39.583546
36003,2,34.3,38.794613
36009,2,36.5,37.843277
36017,2,37.5,37.846607
36019,2,41.8,35.493702
36029,2,32.7,35.169872
36033,2,36.6,39.21001
36057,2,36.0,38.588123
36059,2,26.9,28.772615
36077,2,35.5,34.63449
36093,2,34.3,34.59451
36095,2,37.6,33.406693
36123,2,35.3,37.611668
37001,2,38.0,37.25617
37007,2,43.1,43.446114
37017,2,38.6,42.360214
37027,2,35.0,39.35852
37043,2,32.7,36.071712
37053,2,33.2,33.699795
37061,2,39.4,41.685593
37083,2,41.2,44.545734
37111,2,33.3,38.27791
37141,2,31.3,37.35303
37143,2,33.8,38.06767
37157,2,37.8,40.55402
37161,2,36.7,39.691963
37163,2,38.5,40.868046
37167,2,34.3,37.7422
37179,2,31.1,36.64837
37181,2,41.2,43.025967
37191,2,39.1,40.04085
37193,2,35.2,38.528446
38017,2,34.1,36.931103
38055,2,36.4,36.927826
38057,2,36.3,36.854992
38067,2,34.3,37.456604
38079,2,45.4,42.41135
38083,2,37.4,39.331795
38101,2,37.4,37.384754
38103,2,37.9,36.88061
39015,2,42.6,39.883766
39035,2,37.8,37.189587
39037,2,40.1,39.76601
39043,2,36.7,36.65969
39055,2,36.3,35.83723
39075,2,42.7,37.862473
39083,2,35.8,39.40047
39119,2,41.2,40.287815
39121,2,44.8,40.685867
39133,2,38.5,35.142776
39157,2,43.7,39.431583
39159,2,37.4,34.122543
40005,2,42.8,41.00912
40011,2,43.6,39.53385
40013,2,41.2,40.352192
40029,2,43.2,40.722355
40051,2,41.0,39.253727
40059,2,43.2,39.26099
40079,2,42.7,42.747784
40081,2,42.3,41.10485
40085,2,43.5,38.90056
40103,2,40.5,39.919445
40111,2,44.2,41.58916
40125,2,42.6,40.141277
40129,2,40.3,38.541237
40131,2,40.9,38.35501
41011,2,31.1,32.158142
41015,2,31.7,33.220707
41017,2,27.0,23.753363
41021,2,31.8,33.83155
41031,2,34.9,36.02309
41035,2,38.4,33.939972
41043,2,34.8,35.72556
41045,2,38.3,36.50545
41051,2,28.9,27.814093
41059,2,37.8,38.0384
42007,2,37.2,36.213448
42013,2,36.2,37.7724
42017,2,30.4,30.243338
42025,2,34.4,36.515507
42029,2,29.5,29.312353
42031,2,35.7,39.07769
42093,2,35.3,34.667454
42101,2,34.5,34.47713
42103,2,33.9,32.324608
42107,2,39.0,36.4873
42121,2,35.5,37.742764
42123,2,34.6,37.2621
42133,2,35.3,35.696964
45003,2,37.0,39.108215
45021,2,32.3,41.43744
45043,2,33.9,39.091576
45051,2,34.7,35.172592
45057,2,36.0,38.250843
45061,2,49.1,45.43146
45063,2,39.0,38.00923
45075,2,47.1,45.59303
45083,2,36.4,37.68513
46005,2,34.7,38.267483
46009,2,36.0,38.362007
46011,2,37.8,35.543243
46045,2,35.6,36.24232
46061,2,33.1,33.98044
46067,2,34.1,36.140476
46073,2,36.6,36.552055
46087,2,34.7,38.59027
46091,2,32.9,36.398037
46093,2,33.3,38.451683
46095,2,42.8,43.326275
46099,2,33.9,37.61893
46105,2,33.5,37.831596
46117,2,33.7,37.84136
46125,2,34.2,38.83482
47001,2,38.3,38.70349
47009,2,33.4,37.280155
47011,2,39.2,38.102833
47045,2,41.3,40.1416
47055,2,38.2,39.457188
47077,2,43.0,40.08305
47085,2,37.7,39.845406
47097,2,44.5,42.617935
47099,2,41.0,40.857803
47105,2,36.3,33.291306
47119,2,40.7,37.914257
47125,2,42.6,38.489403
47127,2,36.5,37.985786
47135,2,38.8,41.23556
47145,2,39.4,37.473976
47155,2,39.4,33.970478
47159,2,36.9,39.82361
47165,2,38.4,38.10293
47177,2,39.2,40.02594
47179,2,37.1,36.14724
48001,2,39.5,38.129925
48003,2,39.0,37.742924
48021,2,40.2,39.107025
48023,2,35.9,39.18601
48031,2,34.8,31.076351
48035,2,37.0,37.02523
48059,2,36.4,37.951283
48063,2,39.9,40.61679
48065,2,34.2,38.988605
48071,2,38.7,36.796818
48109,2,43.1,39.665432
48135,2,40.3,37.67459
48151,2,37.6,38.81691
48183,2,39.9,39.752018
48199,2,37.5,38.948
48213,2,37.3,38.49562
48221,2,33.5,33.045593
48235,2,35.7,37.325912
48239,2,39.5,39.17645
48243,2,39.6,32.56368
48253,2,42.6,37.658127
48263,2,34.9,36.95959
48275,2,39.9,39.764977
48285,2,37.7,38.77097
48309,2,39.0,39.039333
48311,2,42.7,34.135765
48315,2,41.1,39.505867
48321,2,41.2,41.49151
48325,2,40.3,39.17225
48333,2,34.9,36.869686
48345,2,36.5,37.659214
48351,2,42.1,40.931534
48369,2,40.0,40.544155
48373,2,40.4,38.559975
48381,2,33.9,36.65656
48383,2,39.4,38.67763
48393,2,36.4,38.72688
48415,2,39.1,40.147865
48429,2,38.8,39.993183
48455,2,38.9,38.311726
48459,2,40.5,39.932762
48461,2,41.6,41.903862
48473,2,41.5,39.31159
48493,2,42.1,37.80397
48495,2,39.5,38.937225
48501,2,40.7,38.684593
48505,2,46.1,46.55552
49009,2,33.8,38.7188
49027,2,35.4,34.288536
49037,2,37.3,41.307224
49043,2,23.1,24.499594
49045,2,39.0,34.206223
50013,2,27.1,32.081448
50027,2,25.6,31.287924
51001,2,44.0,37.925716
51013,2,25.9,22.857574
51036,2,41.9,38.14584
51043,2,34.1,33.0479
51051,2,42.9,41.889313
51059,2,27.0,29.15115
51065,2,38.7,32.60237
51067,2,33.5,37.27718
51069,2,37.6,36.332783
51079,2,36.8,37.585606
51085,2,38.1,34.89751
51091,2,33.8,38.18463
51095,2,33.8,33.223915
51115,2,33.3,34.301044
51117,2,41.4,40.090977
51119,2,40.1,36.606632
51133,2,38.8,37.88631
51149,2,41.2,32.952408
51157,2,36.1,30.26991
51179,2,37.0,33.866558
51520,2,41.3,40.244663
51590,2,45.7,43.598846
51670,2,45.9,44.02876
51680,2,39.5,36.98181
51760,2,35.8,37.743587
51790,2,39.9,36.23919
51810,2,32.9,30.237465
51820,2,38.1,38.68928
53013,2,38.3,32.16826
53027,2,36.5,35.328358
53029,2,33.7,30.152243
53033,2,22.8,23.545975
53035,2,31.4,30.988125
53055,2,25.9,26.314522
53057,2,36.8,33.80957
53067,2,33.6,32.05508
53075,2,31.2,33.67641
54011,2,41.8,38.47208
54015,2,42.5,42.12049
54017,2,43.3,39.75359
54029,2,45.1,37.39998
54031,2,42.9,39.768055
54035,2,37.1,39.545338
54039,2,40.3,38.172825
54049,2,39.8,40.17358
54065,2,38.5,36.114933
54069,2,38.1,36.54764
54073,2,41.3,39.327568
54077,2,41.0,38.42226
54079,2,38.1,38.19948
54083,2,41.3,39.413536
54085,2,40.8,38.41754
54091,2,40.3,39.436295
54097,2,41.2,39.540565
54099,2,45.6,41.09857
54107,2,38.1,38.30175
55013,2,43.1,35.755665
55019,2,43.1,39.098713
55025,2,31.6,29.374907
55041,2,42.3,37.24706
55051,2,37.2,37.44408
55081,2,38.7,39.09947
55087,2,39.5,36.75622
55093,2,34.7,34.00499
55101,2,40.0,37.082115
55121,2,39.1,37.71045
55123,2,40.4,37.88168
56015,2,34.7,35.555305
56017,2,38.8,35.974407
56023,2,31.6,34.058037
56033,2,31.6,34.22441
56045,2,35.0,36.757904
01005,3,43.8,43.80668
01017,3,45.4,42.556934
01027,3,39.6,40.105335
01031,3,34.1,39.61005
01041,3,40.3,41.704494
01047,3,50.5,49.302094
01075,3,38.3,39.67508
01079,3,40.7,39.370453
01107,3,43.8,42.55837
01123,3,41.9,40.622166
01131,3,48.5,49.06913
02060,3,32.0,36.69951
02063,3,30.4,32.630203
02105,3,31.7,36.093544
02158,3,46.0,44.697124
02180,3,37.2,38.887882
02220,3,32.3,32.66961
04005,3,27.0,33.719128
04009,3,40.4,40.595573
04015,3,36.6,34.81262
04019,3,32.8,34.96431
05007,3,34.2,32.506126
05019,3,40.4,41.50503
05041,3,45.2,45.389465
05049,3,39.0,39.265007
05061,3,39.7,41.478226
05067,3,40.6,42.369835
05079,3,39.8,42.352398
05089,3,36.8,38.28702
05093,3,43.2,43.412148
05095,3,43.4,44.463238
05115,3,36.1,39.557625
05119,3,38.4,39.31538
05141,3,37.0,38.452354
05147,3,41.3,43.427216
06001,3,19.4,24.182854
06009,3,29.4,30.138996
06023,3,33.1,35.20942
06037,3,26.2,27.792027
06041,3,23.5,24.658691
06045,3,29.4,32.75368
06053,3,32.8,33.075596
06057,3,29.9,26.196608
06061,3,25.8,28.057146
06071,3,35.1,32.409683
06087,3,29.4,24.045517
06115,3,32.6,37.39821
08011,3,33.1,40.217617
08025,3,33.3,40.461414
08039,3,25.0,33.353428
08051,3,23.7,27.456982
08055,3,28.7,34.04815
08057,3,28.4,32.455486
08063,3,30.2,38.723774
08083,3,30.2,34.763733
08093,3,25.3,31.737226
08097,3,21.1,22.367996
08099,3,31.6,39.75905
08109,3,30.3,35.630684
08119,3,26.9,29.930105
08121,3,26.8,38.69397
08125,3,27.9,37.8263
10003,3,37.6,32.005405
10005,3,38.6,30.861124
12007,3,38.8,39.126335
12021,3,27.4,29.828114
12033,3,32.6,38.387043
12045,3,38.4,37.410423
12053,3,33.4,34.99811
12055,3,36.2,37.572544
12073,3,33.1,36.942604
12081,3,33.9,33.45348
12101,3,34.7,35.441772
12117,3,31.4,33.008366
12123,3,42.8,40.247818
12127,3,33.9,34.663025
12129,3,37.3,37.55336
13001,3,40.7,41.10753
13005,3,41.3,41.922207
13013,3,39.9,38.505505
13021,3,48.5,43.860443
13029,3,37.1,36.691177
13037,3,46.6,48.25682
13045,3,36.9,39.480972
13061,3,44.8,44.06287
13069,3,41.4,43.194595
13085,3,34.7,31.475069
13093,3,44.0,43.439228
13097,3,42.8,40.423786
13101,3,41.5,42.65651
13105,3,42.4,41.637993
13131,3,41.8,42.68058
13137,3,36.8,38.052593
13149,3,41.0,39.70315
13159,3,39.5,39.35394
13173,3,41.1,40.891197
13195,3,39.0,38.39981
13207,3,37.7,38.30124
13211,3,36.1,38.442974
13227,3,36.7,35.58198
13245,3,44.4,43.19515
13251,3,42.3,43.35583
13255,3,40.2,40.85927
13273,3,47.1,45.731407
13283,3,43.4,44.014694
13297,3,35.8,38.54277
13303,3,43.0,44.4922
13313,3,36.9,39.385124
16003,3,31.5,36.507565
16009,3,34.0,37.29141
16017,3,26.7,35.734974
16025,3,32.8,33.8394
16053,3,40.1,37.22954
16055,3,34.3,36.39597
16065,3,36.6,37.00466
16071,3,32.2,37.071926
16079,3,34.8,37.486164
16081,3,28.8,27.856083
16083,3,36.5,38.0247
17001,3,39.5,38.665287
17005,3,37.6,37.19258
17007,3,39.5,38.945473
17011,3,37.8,36.842503
17039,3,36.5,37.73179
17053,3,38.0,38.597313
17063,3,35.1,34.041004
17081,3,38.8,39.135334
17093,3,36.4,33.50517
17097,3,31.9,31.57727
17145,3,39.5,38.407352
17169,3,39.3,37.764774
17173,3,37.2,38.901085
17197,3,36.6,33.59019
17199,3,38.4,39.052498
18009,3,37.5,40.344685
18013,3,36.9,33.73838
18015,3,38.8,39.63226
18029,3,35.1,38.577118
18041,3,41.1,39.94953
18045,3,39.0,39.532066
18051,3,40.2,39.00436
18063,3,38.9,33.71169
18073,3,38.0,38.3818
18083,3,38.2,38.874783
18087,3,42.1,37.32799
18095,3,39.6,39.387764
18097,3,39.3,37.611496
18119,3,39.9,38.68745
18123,3,40.6,39.134224
18125,3,41.7,40.387985
18129,3,36.4,38.579674
18163,3,39.3,39.310364
18177,3,39.4,39.93602
18181,3,39.3,38.436344
19021,3,41.0,37.49232
19037,3,37.7,40.13649
19053,3,38.1,40.886925
19069,3,41.0,37.6777
19085,3,40.1,39.04995
19089,3,37.3,39.524143
19109,3,37.6,39.170113
19135,3,37.5,39.762527
19147,3,41.6,39.350365
19159,3,41.2,39.04629
19167,3,34.0,34.173325
19169,3,35.5,33.149315
19183,3,40.7,39.011158
20005,3,40.5,39.04974
20009,3,41.3,38.276592
20011,3,42.5,40.61367
20015,3,40.1,37.33676
20019,3,40.3,38.438618
20023,3,39.9,35.624523
20025,3,38.9,35.36156
20035,3,41.8,38.737057
20043,3,39.0,39.508354
20051,3,41.4,36.89637
20055,3,43.5,37.98042
20059,3,34.2,38.99499
20065,3,38.3,39.238537
20069,3,39.8,36.64827
20073,3,39.7,37.91352
20085,3,43.3,38.880363
20089,3,40.5,39.187588
20101,3,40.3,36.828785
20107,3,38.6,39.457844
20133,3,42.8,39.59451
20135,3,37.8,34.19516
20165,3,37.4,38.843895
20179,3,37.8,36.183174
20185,3,38.6,39.173817
20187,3,43.2,39.475227
20201,3,40.3,39.071465
20203,3,40.9,38.655968
20205,3,40.5,39.796974
20209,3,41.5,37.88721
21005,3,38.1,38.468433
21015,3,38.5,36.46246
21017,3,40.5,39.139183
21037,3,35.5,37.227554
21043,3,42.9,41.83459
21107,3,40.7,40.996193
21115,3,42.4,41.723972
21129,3,43.3,43.34859
21137,3,40.2,41.35326
21141,3,40.2,40.112278
21163,3,37.8,39.532997
21169,3,41.7,40.933353
21195,3,41.2,41.59021
21199,3,39.3,40.71768
21203,3,40.5,41.20933
21221,3,40.3,39.372856
21225,3,38.9,40.994392
21237,3,44.7,41.979218
22007,3,41.2,41.839375
22013,3,46.6,44.66888
22031,3,40.0,42.93897
22051,3,39.7,36.620956
22063,3,37.2,38.1179
22115,3,39.5,40.21086
22117,3,43.3,43.2263
22119,3,45.7,43.403683
23001,3,36.4,37.338863
23011,3,33.6,34.337433
23025,3,37.3,38.88858
23031,3,29.5,31.88714
24001,3,37.3,38.697487
24009,3,33.9,35.64559
24017,3,42.9,34.063084
24019,3,41.8,38.814312
24029,3,38.9,31.756344
25027,3,32.7,31.458872
26013,3,38.3,39.228344
26043,3,32.3,37.27817
26047,3,31.4,32.63621
26071,3,37.1,38.76434
26073,3,38.5,38.47689
26083,3,34.3,37.78443
26085,3,42.0,36.998634
26091,3,42.4,38.070805
26099,3,36.7,35.14721
26101,3,38.0,36.263023
26115,3,38.0,37.98108
26121,3,43.0,39.456367
26123,3,39.2,38.687267
26133,3,38.7,39.657413
26139,3,35.9,34.17763
27027,3,35.1,38.11013
27037,3,32.9,33.835133
27043,3,37.2,38.290874
27061,3,34.6,38.100613
27065,3,37.8,38.259228
27069,3,39.3,37.846058
27073,3,35.1,37.63542
27075,3,34.7,34.120205
27085,3,40.3,37.99846
27097,3,39.8,39.78541
27111,3,38.2,38.01233
27119,3,38.8,38.778175
27123,3,32.6,32.567398
27147,3,36.9,37.78722
27165,3,39.3,36.964886
28019,3,41.6,42.750317
28023,3,44.7,43.65488
28027,3,48.4,47.75318
28033,3,39.6,38.956467
28047,3,34.7,39.864616
28049,3,47.0,45.81174
28053,3,51.0,49.98749
28065,3,43.8,45.686375
28083,3,45.8,47.211777
28111,3,41.7,41.831
28117,3,40.4,40.31036
28119,3,50.3,49.130424
28131,3,41.4,40.557804
28139,3,42.2,40.457027
28145,3,39.8,40.27346
28149,3,41.8,43.585613
28163,3,45.4,46.547173
29015,3,38.4,39.04808
29021,3,40.1,39.5105
29023,3,41.2,40.957462
29029,3,33.5,36.600227
29031,3,40.7,38.501102
29051,3,36.7,38.568176
29059,3,40.6,40.94198
29065,3,38.9,39.91351
29075,3,37.6,40.241188
29077,3,34.5,37.45581
29083,3,40.1,39.605694
29085,3,43.9,37.74383
29091,3,40.5,40.397736
29097,3,35.8,39.795086
29109,3,41.9,39.206287
29113,3,41.3,38.460953
29127,3,36.1,39.742252
29137,3,41.4,40.14941
29143,3,41.7,42.37268
29149,3,44.3,41.412792
29155,3,43.8,43.830387
29163,3,43.3,40.72491
29165,3,39.5,32.644577
29169,3,35.4,38.94948
29171,3,40.7,39.532402
29177,3,40.4,38.386726
29201,3,43.4,40.710663
29203,3,41.4,41.118282
29215,3,41.3,42.03172
29217,3,41.3,40.773808
29225,3,38.6,39.61438
29227,3,39.7,39.153
30001,3,31.3,36.64592
30003,3,41.4,40.50443
30007,3,32.0,37.99171
30011,3,33.4,37.311363
30015,3,34.5,38.058033
30021,3,35.7,35.372807
30023,3,32.9,35.157784
30033,3,32.0,37.38417
30039,3,32.4,36.690292
30043,3,29.4,34.190075
30047,3,33.9,38.70143
30049,3,30.1,35.289032
30071,3,39.4,38.234955
30073,3,34.4,39.10342
30083,3,35.7,34.099697
30093,3,29.8,36.7007
30099,3,31.3,37.977863
31013,3,40.5,37.466145
31061,3,42.3,39.135365
31069,3,42.3,37.45279
31083,3,36.6,37.874786
31085,3,40.5,34.039
31089,3,39.2,39.755196
31125,3,40.5,38.22118
31129,3,38.2,37.27863
31131,3,37.2,38.436573
31147,3,44.2,38.18329
31157,3,42.0,36.91092
31167,3,37.9,36.006203
31177,3,37.8,36.225178
31183,3,38.6,36.364388
32003,3,32.8,33.99319
32013,3,33.8,34.846928
32015,3,33.8,34.261524
32019,3,35.9,35.555336
33011,3,29.8,31.197153
34001,3,33.2,29.379007
34033,3,36.3,37.997566
35001,3,28.1,36.09173
35013,3,36.0,39.691742
35028,3,22.4,30.497292
35037,3,36.0,36.36492
36011,3,41.0,36.87762
36023,3,34.0,36.015915
36037,3,35.3,36.472427
36039,3,32.4,33.84352
36051,3,32.4,35.86046
36053,3,34.4,36.173794
36079,3,30.1,29.488394
36081,3,24.7,28.557886
36087,3,32.0,32.896107
36097,3,37.6,35.946373
36103,3,29.8,30.29872
36105,3,34.8,37.57633
36113,3,34.7,30.22741
36119,3,26.6,29.10608
37005,3,36.6,35.603153
37023,3,32.0,36.239056
37031,3,31.6,32.83733
37039,3,31.5,36.641605
37049,3,36.1,37.14303
37055,3,29.5,31.059744
37063,3,32.5,31.355164
37067,3,31.8,38.097847
37079,3,41.2,41.60052
37089,3,33.9,34.418663
37093,3,35.6,40.766594
37101,3,36.2,38.440197
37107,3,40.4,41.859768
37115,3,31.9,37.22079
37125,3,32.1,37.532757
37129,3,32.4,31.719936
37133,3,32.1,39.280613
37137,3,36.6,36.998413
37139,3,36.0,41.001877
37147,3,37.3,41.107433
37177,3,37.0,41.5569
37195,3,39.2,39.9352
38009,3,39.3,35.66729
38011,3,37.2,36.97881
38019,3,36.6,36.954224
38025,3,37.8,35.81239
38041,3,37.5,38.1634
38043,3,38.1,37.582893
38053,3,35.5,34.3407
38061,3,39.7,37.81054
38071,3,36.0,37.76615
38073,3,38.3,37.650894
38075,3,37.4,36.757973
38095,3,36.6,37.17229
38097,3,38.2,38.549942
39017,3,36.5,36.675747
39019,3,40.7,38.84277
39021,3,39.7,38.65276
39029,3,47.0,39.961246
39045,3,39.0,35.483692
39063,3,37.0,37.651924
39071,3,43.1,39.63807
39087,3,44.9,40.76866
39089,3,36.0,37.709923
39107,3,37.8,39.06549
39109,3,39.8,38.26086
39111,3,43.0,38.742813
39115,3,41.8,40.220257
39123,3,41.2,31.827522
39125,3,39.4,39.52575
39135,3,38.5,39.544735
39143,3,42.2,38.585606
39149,3,37.9,39.03053
39155,3,44.6,38.99432
39163,3,41.2,43.00645
39165,3,34.1,33.90754
39169,3,40.1,39.44992
40001,3,43.6,39.716866
40007,3,39.2,37.505238
40015,3,41.0,39.804703
40033,3,42.4,40.429684
40041,3,43.0,36.33861
40049,3,42.4,40.848408
40063,3,47.6,41.867966
40089,3,45.1,42.002266
40095,3,43.7,39.68605
40101,3,44.6,40.985565
40119,3,38.5,38.421284
41005,3,29.0,30.119621
41007,3,30.3,31.497355
41019,3,35.1,34.435764
41023,3,30.9,35.757145
41029,3,35.9,30.546904
41041,3,32.0,29.787115
41049,3,37.4,37.913315
41055,3,33.2,34.412262
41063,3,30.4,32.67437
42009,3,35.3,37.40201
42011,3,35.0,36.445435
42019,3,32.7,34.26174
42021,3,37.1,37.54411
42035,3,35.3,38.25658
42067,3,36.1,38.782417
42073,3,35.8,37.715096
42085,3,35.7,38.01597
42089,3,37.7,32.55885
42097,3,37.7,38.27866
42109,3,36.5,38.26458
42111,3,36.6,37.922466
42113,3,36.6,37.349113
44005,3,27.6,27.223066
44007,3,32.4,30.901958
44009,3,25.0,26.182262
45011,3,43.4,43.522816
45015,3,36.6,38.612434
45023,3,42.0,42.25223
45025,3,39.8,42.302277
45041,3,38.8,41.446007
45047,3,40.5,39.996765
45059,3,41.0,40.379368
45071,3,38.7,39.22373
45073,3,31.6,37.671036
45079,3,33.9,39.69424
45089,3,47.2,45.13353
45091,3,31.2,38.807167
46003,3,33.4,37.575123
46013,3,35.9,38.621544
46017,3,44.4,45.93877
46027,3,39.9,36.016922
46031,3,46.2,41.800667
46039,3,34.9,38.546795
46051,3,33.1,36.402367
46053,3,36.8,38.170845
46057,3,34.2,35.518486
46059,3,34.5,37.21765
46097,3,36.3,37.6778
46101,3,32.8,37.679733
46102,3,43.9,44.21599
46111,3,35.0,37.837563
46135,3,35.3,37.110523
47019,3,41.3,39.969345
47053,3,40.0,40.93571
47071,3,37.5,39.19696
47073,3,37.5,40.262558
47075,3,44.3,45.01138
47121,3,38.0,39.435688
47139,3,37.6,39.588196
47147,3,37.7,38.346077
47149,3,33.8,36.749172
47171,3,36.8,37.895023
48013,3,43.0,40.72729
48037,3,40.9,40.09258
48069,3,40.4,41.180573
48075,3,41.1,39.97844
48079,3,43.6,43.03271
48095,3,39.4,35.303795
48129,3,37.3,37.985718
48133,3,37.2,39.293545
48139,3,37.6,37.78962
48157,3,33.1,32.6117
48161,3,39.3,40.06679
48167,3,39.8,36.96862
48171,3,34.2,31.049662
48179,3,40.5,39.89979
48181,3,37.2,38.198555
48187,3,39.4,38.654896
48189,3,42.7,41.10585
48207,3,39.7,39.49631
48209,3,34.4,34.073647
48211,3,36.6,38.053074
48215,3,47.6,42.99607
48225,3,40.4,40.84245
48233,3,37.7,39.636566
48245,3,38.1,38.776474
48265,3,34.9,34.633503
48269,3,40.8,35.5668
48271,3,41.5,37.18306
48273,3,41.5,38.11209
48279,3,41.7,40.414448
48303,3,36.3,37.505386
48305,3,40.5,40.66183
48313,3,40.4,38.636635
48317,3,39.0,39.59868
48327,3,38.3,38.12756
48337,3,37.2,37.072865
48357,3,38.7,37.157665
48363,3,36.9,38.185116
48365,3,38.3,39.350754
48387,3,39.9,38.608047
48399,3,38.1,39.74231
48405,3,42.8,40.820732
48407,3,38.2,37.674904
48409,3,43.3,38.79949
48467,3,36.1,38.504456
48479,3,41.5,43.089146
48481,3,41.4,39.57496
48483,3,39.8,39.663723
49001,3,32.5,37.70412
49003,3,32.0,35.92584
49005,3,35.0,35.648525
49011,3,30.2,33.17202
49025,3,36.3,36.170685
49033,3,33.1,37.148598
49039,3,32.9,38.63324
49051,3,25.8,29.348036
50009,3,32.7,37.07547
50015,3,25.4,34.506897
50021,3,30.7,31.825966
51009,3,36.1,38.526524
51011,3,42.4,38.906998
51017,3,40.8,36.736225
51025,3,45.3,43.15611
51045,3,36.2,37.55845
51049,3,38.6,40.694935
51057,3,39.0,38.527187
51075,3,31.7,31.830162
51087,3,35.1,32.357864
51105,3,40.5,41.96865
51109,3,38.9,36.639736
51113,3,37.0,37.01133
51145,3,35.8,35.38624
51147,3,43.0,40.56922
51163,3,31.8,37.23142
51167,3,39.4,40.54312
51171,3,37.9,36.145607
51173,3,40.7,39.92759
51177,3,38.3,35.9402
51183,3,44.0,41.99628
51540,3,35.2,35.68381
51570,3,39.1,38.63567
51600,3,32.2,27.658455
51610,3,30.1,31.811342
51678,3,35.1,35.37683
51700,3,40.6,38.26868
51720,3,41.8,41.513954
51800,3,41.5,38.00873
53005,3,40.0,35.39054
53009,3,34.5,31.790838
53031,3,26.1,31.316936
53037,3,31.0,32.841
53041,3,40.6,35.972828
53043,3,34.9,35.124676
53061,3,32.9,28.462276
53065,3,32.2,35.82656
54001,3,40.8,41.33442
54019,3,39.4,41.37798
54051,3,42.3,39.679947
54055,3,42.5,40.048508
54061,3,36.7,35.959217
54075,3,44.1,37.68473
54081,3,39.6,40.7783
54095,3,41.7,39.25027
54105,3,41.5,38.897675
55005,3,39.4,38.330246
55009,3,36.6,36.702053
55035,3,35.8,35.7843
55057,3,39.6,37.66192
55061,3,39.6,38.524166
55063,3,34.6,36.003006
55069,3,40.3,37.00863
55075,3,41.3,37.4907
55077,3,40.9,37.486652
55079,3,39.4,35.815083
55083,3,39.9,36.07559
55089,3,34.0,33.51833
55105,3,38.1,37.07703
55117,3,40.5,35.63813
55119,3,40.7,39.935368
55127,3,33.3,31.923002
55133,3,32.0,33.952427
55137,3,41.8,36.71834
56001,3,35.0,30.859026
56003,3,34.7,38.04035
56019,3,31.2,33.91981
56025,3,37.8,37.282387
56031,3,32.4,36.32306
56035,3,29.9,33.267696
56037,3,36.3,36.471832
56041,3,35.5,35.92133
56043,3,39.1,34.616127
01007,4,41.4,40.926044
01011,4,49.4,47.5059
01013,4,45.5,44.25768
01019,4,40.2,39.468002
01021,4,36.3,39.754574
01049,4,38.9,40.102
01053,4,43.5,43.5118
01055,4,41.3,40.326027
01057,4,39.2,40.15237
01067,4,38.3,39.198097
01081,4,35.2,37.45458
01083,4,35.8,38.587322
01085,4,49.6,47.675354
01095,4,38.6,39.96445
01109,4,40.6,42.49563
01111,4,40.9,41.91708
01117,4,32.1,36.842808
01121,4,42.6,41.93073
01125,4,41.4,38.52364
01133,4,36.3,39.118828
02016,4,28.9,29.91061
02068,4,30.8,28.536774
02100,4,32.6,31.839367
02110,4,32.8,25.219242
02130,4,34.3,30.058836
02150,4,30.3,34.007023
02230,4,33.0,30.12638
02275,4,34.4,33.25095
04001,4,39.1,42.589832
04017,4,38.5,40.923267
04025,4,27.7,32.188152
05001,4,40.9,41.101376
05011,4,41.5,42.577614
05027,4,41.1,42.452797
05029,4,41.3,40.75784
05035,4,41.5,45.479736
05039,4,44.0,43.179836
05051,4,37.8,38.10421
05053,4,35.5,38.994473
05071,4,39.1,40.457245
05073,4,42.9,42.791767
05077,4,44.9,46.260635
05105,4,37.6,40.483067
05107,4,51.3,49.546825
05111,4,40.8,42.498276
05139,4,41.2,41.527405
06013,4,28.4,27.57079
06035,4,32.8,35.48434
06073,4,25.4,27.46672
06075,4,17.7,22.181082
06083,4,31.6,27.691732
06091,4,31.3,34.18275
06097,4,28.3,27.63813
06099,4,34.7,35.805794
06111,4,28.9,29.516584
08007,4,24.9,30.68473
08009,4,31.0,40.03469
08019,4,25.7,26.947104
08029,4,29.0,32.932503
08043,4,29.2,35.42634
08069,4,21.1,27.183657
08079,4,26.6,30.676758
08113,4,24.7,23.222382
11001,4,25.1,26.723991
12013,4,43.6,41.188793
12015,4,34.4,33.41947
12029,4,43.6,40.23008
12031,4,33.1,35.541183
12035,4,33.4,31.85445
12043,4,39.7,38.5317
12049,4,40.3,41.84248
12059,4,36.3,41.200928
12067,4,40.4,39.78359
12086,4,30.3,36.9489
12089,4,32.5,35.40756
12093,4,40.1,40.726265
12099,4,30.5,33.19877
12103,4,32.2,33.172806
12119,4,35.1,32.748363
12121,4,44.8,39.743164
12125,4,42.5,41.15033
13009,4,39.8,42.948303
13011,4,36.7,38.220203
13017,4,41.9,42.88989
13019,4,38.7,41.037533
13051,4,36.1,35.70262
13053,4,43.1,38.618946
13081,4,44.8,44.207455
13099,4,45.1,44.97183
13111,4,38.9,35.91691
13117,4,31.3,30.407
13125,4,37.0,40.480923
13135,4,33.3,35.82851
13139,4,35.0,38.498802
13145,4,32.7,36.442513
13151,4,39.3,40.444572
13177,4,36.7,38.551174
13179,4,45.9,41.15933
13183,4,41.3,39.329014
13189,4,43.7,43.021255
13193,4,48.3,43.974564
13197,4,39.9,42.04588
13213,4,38.0,38.996803
13225,4,42.7,39.15384
13231,4,34.2,38.424026
13271,4,45.6,41.92111
13277,4,41.9,39.98383
13279,4,42.5,41.44926
13285,4,41.5,40.636658
13291,4,37.1,36.432007
13295,4,41.8,40.509457
13307,4,43.5,43.078014
13317,4,43.9,43.000957
15001,4,26.0,27.641466
15005,4,29.1,31.721388
16015,4,31.2,31.209387
16029,4,32.8,38.741936
16045,4,31.4,35.96359
16067,4,34.8,38.126762
16087,4,38.5,35.766113
17009,4,40.6,39.77902
17031,4,32.8,29.206205
17043,4,29.4,29.117147
17055,4,39.6,39.549236
17069,4,37.8,38.282787
17073,4,34.7,39.297073
17087,4,36.5,37.385155
17101,4,37.8,40.249866
17115,4,37.1,39.778404
17131,4,36.8,38.834766
17147,4,33.8,36.099167
17155,4,34.7,33.140545
17157,4,37.7,38.274754
17159,4,37.4,36.628307
17167,4,38.3,37.252106
17171,4,35.0,37.978844
17201,4,38.5,37.026585
17203,4,34.2,37.685234
18005,4,34.0,36.454884
18023,4,39.1,38.451393
18033,4,37.5,38.119083
18037,4,38.4,35.49286
18043,4,36.4,37.076847
18053,4,43.0,39.421616
18061,4,36.5,38.360855
18065,4,44.4,39.88025
18067,4,41.9,39.103275
18069,4,39.0,39.40808
18071,4,43.2,38.722374
18081,4,42.1,36.356762
18089,4,38.1,38.78573
18091,4,39.7,38.529633
18099,4,35.9,35.610928
18107,4,42.6,38.34669
18111,4,41.5,38.077137
18135,4,38.9,40.487606
18137,4,37.4,37.68236
18141,4,37.8,37.98354
18145,4,39.7,37.31124
18157,4,35.1,34.59847
18161,4,40.3,38.79546
18169,4,36.9,38.47979
18175,4,41.7,39.532276
19023,4,39.5,37.793316
19029,4,44.9,39.023327
19035,4,40.2,39.367832
19049,4,32.2,34.29746
19063,4,38.5,39.30401
19065,4,39.7,39.698803
19073,4,41.5,38.502766
19077,4,39.8,38.65408
19081,4,36.2,37.32375
19091,4,43.4,39.106342
19101,4,37.4,36.330486
19129,4,40.7,38.53033
19133,4,40.9,39.31132
19141,4,38.8,38.88388
19173,4,40.3,37.078568
19187,4,38.7,38.845867
20003,4,36.4,38.088436
20037,4,42.6,40.223644
20041,4,38.7,38.751373
20047,4,42.2,38.87565
20049,4,42.4,37.866497
20057,4,38.7,38.873615
20067,4,40.8,39.36181
20075,4,40.0,36.85051
20077,4,42.3,38.976723
20081,4,40.5,35.893223
20083,4,37.1,37.216927
20087,4,41.5,37.333656
20109,4,38.5,36.192486
20111,4,39.1,38.23356
20115,4,38.7,39.237576
20117,4,41.5,39.587772
20125,4,45.1,40.13222
20131,4,34.6,37.242046
20139,4,39.7,37.686436
20141,4,38.5,39.32535
20171,4,41.2,34.280106
20173,4,33.5,37.286297
20207,4,38.4,39.993984
21003,4,41.8,41.437855
21007,4,39.5,39.312782
21023,4,37.2,39.46392
21033,4,38.0,39.95382
21055,4,41.0,41.42856
21067,4,34.9,34.911324
21073,4,37.6,37.891747
21081,4,37.8,39.207714
21089,4,43.8,39.458607
21091,4,38.4,39.85347
21099,4,38.2,41.023502
21109,4,41.9,43.262768
21121,4,40.6,43.78509
21127,4,39.7,42.698124
21155,4,41.1,40.665974
21187,4,38.8,40.32395
21201,4,40.8,40.677006
21231,4,42.1,42.606613
22003,4,40.9,41.59472
22005,4,36.8,38.88769
22011,4,36.8,39.45735
22025,4,42.7,43.29091
22029,4,42.0,44.52297
22053,4,42.3,41.3625
22065,4,47.4,49.31313
22073,4,42.1,42.46626
22075,4,39.8,38.51525
22077,4,42.3,41.57551
22079,4,42.0,41.8116
22109,4,40.5,39.89334
22125,4,40.4,37.148716
22127,4,43.6,41.445217
23003,4,41.7,38.180843
23005,4,29.4,30.841928
23013,4,27.9,31.332478
23023,4,30.7,33.503513
24033,4,36.0,35.40927
24035,4,32.7,35.66367
24037,4,35.2,35.56112
26001,4,36.6,37.865295
26017,4,37.2,36.502544
26033,4,39.3,41.18823
26045,4,34.9,36.83364
26049,4,39.1,40.342678
26051,4,38.1,37.969315
26053,4,37.3,36.75334
26057,4,35.6,38.949932
26061,4,34.2,35.661224
26065,4,34.0,35.07127
26069,4,38.2,36.56122
26077,4,35.7,37.13932
26105,4,39.4,36.34127
26107,4,33.4,38.306484
26111,4,31.1,37.104332
26113,4,38.3,39.400593
26127,4,37.9,37.243164
26155,4,36.1,37.829014
26159,4,39.5,38.817707
26161,4,30.1,31.263912
26163,4,36.7,38.796333
27003,4,35.9,36.06299
27007,4,41.1,38.854275
27009,4,37.2,38.49334
27015,4,39.9,39.167473
27017,4,41.2,38.310093
27023,4,41.6,38.28499
27025,4,38.3,36.669033
27045,4,37.2,38.20306
27049,4,36.4,36.61669
27051,4,38.0,38.642765
27053,4,27.4,31.7464
27057,4,40.0,37.902958
27071,4,36.9,37.546715
27081,4,38.2,38.76432
27093,4,41.1,38.890797
27103,4,36.5,37.07537
27129,4,38.4,37.81575
27131,4,35.0,37.00805
27145,4,38.4,37.844902
27151,4,39.7,38.437546
27153,4,40.5,38.616455
27159,4,42.9,38.402863
27161,4,41.2,37.891975
28001,4,43.6,44.692505
28005,4,45.0,43.057922
28015,4,42.1,40.720425
28021,4,51.2,50.650455
28061,4,44.1,44.145973
28069,4,47.2,48.797684
28073,4,39.5,39.809402
28079,4,45.1,44.046764
28129,4,42.0,41.585438
28133,4,47.5,48.08491
28141,4,39.9,39.29868
28151,4,44.6,47.886517
28155,4,39.8,41.14
28159,4,45.3,44.066658
29011,4,42.7,39.388252
29027,4,41.7,38.5853
29035,4,40.0,41.103554
29047,4,35.2,36.65293
29095,4,38.8,36.52839
29101,4,40.0,37.83528
29119,4,41.2,40.068874
29131,4,39.7,40.983948
29141,4,43.1,39.79267
29147,4,42.3,38.76145
29159,4,39.0,40.079952
29197,4,39.8,38.698933
29199,4,39.2,40.286564
29213,4,39.2,37.25848
30017,4,35.8,38.517326
30027,4,32.1,37.241196
30029,4,30.2,36.08196
30053,4,30.9,35.68014
30057,4,26.5,31.450815
30063,4,29.2,32.579044
30077,4,32.7,37.47451
30085,4,40.6,42.26252
30097,4,32.1,35.131783
30109,4,34.5,35.886066
30111,4,34.6,36.87589
31001,4,40.7,37.444157
31011,4,35.3,38.453545
31015,4,40.7,36.755478
31023,4,39.4,38.447685
31043,4,45.8,38.226734
31045,4,39.5,38.9796
31053,4,38.7,38.808693
31091,4,39.9,35.472683
31105,4,43.8,36.273018
31107,4,43.8,37.60093
31109,4,33.1,35.795937
31123,4,38.9,37.01155
31145,4,39.5,38.345894
31155,4,36.2,37.83006
31163,4,40.0,38.276432
32021,4,35.0,35.684547
32029,4,31.3,25.731323
32033,4,33.4,36.06682
33009,4,28.8,26.885265
34011,4,36.8,36.98247
34015,4,36.3,34.171143
35005,4,42.0,39.96778
35007,4,35.6,32.624287
36007,4,33.3,36.43954
36015,4,34.2,38.05318
36027,4,34.3,29.779001
36031,4,36.0,33.902824
36035,4,36.3,36.641636
36049,4,35.9,39.442276
36055,4,36.1,33.690372
36061,4,21.2,23.781816
36063,4,34.6,36.44273
36067,4,35.1,36.170624
36069,4,34.1,33.253555
36073,4,36.2,37.4271
36075,4,38.5,37.26237
36089,4,37.1,38.401405
36099,4,37.4,36.96087
36109,4,33.0,31.639723
36111,4,32.2,30.61162
36117,4,37.2,38.259632
37009,4,33.9,35.5985
37011,4,33.1,36.53799
37021,4,26.2,34.39756
37029,4,34.3,37.79103
37035,4,34.1,35.84641
37037,4,30.7,35.458115
37045,4,37.8,40.622875
37051,4,39.6,39.841663
37069,4,38.0,38.71451
37075,4,34.0,38.817833
37091,4,43.4,44.201523
37099,4,32.4,36.429646
37103,4,38.2,39.226643
37105,4,38.4,38.95181
37113,4,31.3,33.05349
37119,4,34.1,32.884087
37121,4,34.1,35.057426
37123,4,37.5,37.87994
37127,4,42.1,39.08436
37155,4,41.9,43.13477
37159,4,33.9,38.22264
37171,4,35.3,37.387623
37175,4,32.8,34.00397
37185,4,42.0,43.178684
37187,4,41.0,42.243073
38001,4,38.2,36.299435
38003,4,37.8,36.937084
38013,4,35.1,36.884285
38015,4,39.2,36.98394
38023,4,36.7,37.59393
38029,4,36.8,38.66757
38035,4,37.4,36.411083
38037,4,40.5,38.546078
38039,4,37.0,38.56262
38049,4,37.0,37.8479
38069,4,36.3,38.513332
38077,4,41.9,38.014805
38087,4,37.4,36.71613
38099,4,38.5,38.504505
38105,4,37.7,35.473053
39001,4,45.2,41.931004
39007,4,43.1,40.204514
39009,4,38.3,39.380856
39025,4,40.1,37.58834
39033,4,44.0,40.2911
39039,4,42.2,37.926327
39047,4,40.6,38.86223
39049,4,36.1,35.764122
39057,4,39.2,34.964767
39067,4,41.4,39.93487
39073,4,42.7,39.991055
39079,4,43.7,40.423683
39091,4,38.7,38.022583
39103,4,36.0,35.681637
39117,4,42.6,39.058952
39129,4,42.9,38.331635
39137,4,40.0,39.621128
39161,4,42.3,39.78498
39173,4,35.7,36.021618
40003,4,37.7,38.472565
40009,4,42.7,39.88564
40019,4,40.7,39.486954
40025,4,39.5,38.043842
40027,4,36.9,35.468555
40037,4,39.4,39.63112
40043,4,40.8,37.514893
40047,4,42.3,38.81141
40053,4,44.8,39.555714
40055,4,41.5,41.2139
40057,4,43.5,40.025154
40061,4,43.7,41.834152
40069,4,43.7,41.537685
40075,4,45.4,41.28829
40083,4,42.2,39.45787
40099,4,44.4,39.12346
40107,4,44.6,42.55749
40113,4,40.3,40.293358
40115,4,44.0,41.038532
40127,4,43.5,40.06925
40137,4,42.3,40.063164
40139,4,41.3,39.860428
40143,4,37.0,37.52377
41001,4,34.3,34.69018
41037,4,34.1,33.932117
41039,4,32.5,32.984467
41057,4,30.8,33.284958
41061,4,35.6,36.946133
42015,4,34.9,38.06344
42027,4,34.7,32.230347
42041,4,33.0,33.54416
42045,4,31.4,33.947628
42047,4,37.8,35.686726
42049,4,36.9,36.80088
42053,4,40.4,39.588947
42059,4,36.0,38.59486
42077,4,34.3,35.77531
42079,4,38.7,35.282917
42087,4,38.7,39.934853
42091,4,31.2,28.525915
42099,4,34.9,37.708885
42105,4,38.2,38.67235
42117,4,38.8,37.753944
42119,4,35.3,35.341434
42131,4,35.8,36.77676
45001,4,38.7,40.649845
45019,4,28.8,33.32631
45027,4,45.6,43.93967
45029,4,44.8,41.99038
45033,4,42.3,45.340153
45039,4,41.1,44.22875
45053,4,37.5,37.179165
45077,4,36.8,37.09909
45085,4,40.9,42.835865
46007,4,43.0,43.570774
46033,4,37.5,30.984333
46035,4,36.9,36.325256
46041,4,40.8,43.893547
46043,4,36.2,37.616386
46047,4,36.5,35.78188
46055,4,35.9,35.43081
46071,4,39.7,42.5606
46089,4,37.8,37.046726
46103,4,34.6,37.072147
46107,4,34.1,33.716705
46109,4,42.8,38.95297
46115,4,36.8,38.366104
46121,4,44.3,43.711372
47003,4,41.3,39.658978
47005,4,39.8,39.235664
47007,4,42.8,40.416954
47021,4,37.4,37.27029
47031,4,39.6,38.95343
47033,4,39.1,40.756836
47037,4,32.3,33.38418
47061,4,37.6,40.89509
47065,4,33.3,36.30834
47081,4,39.7,39.996315
47083,4,38.1,40.258297
47087,4,35.5,40.62414
47093,4,37.5,36.846127
47101,4,39.0,40.348312
47109,4,43.1,40.625984
47115,4,40.8,39.362843
47151,4,41.2,42.099903
47153,4,38.9,37.482525
47157,4,42.6,41.667896
47161,4,36.6,38.739586
47169,4,38.6,40.51685
47173,4,37.7,40.33067
47175,4,39.2,39.61404
47183,4,40.0,40.26119
47185,4,39.8,40.5431
47189,4,36.8,36.62366
48025,4,43.0,39.754272
48041,4,36.9,38.967133
48051,4,38.4,38.552475
48089,4,39.7,38.70884
48097,4,37.3,38.759277
48101,4,42.4,39.92243
48111,4,40.1,39.123005
48117,4,43.6,41.91685
48119,4,36.8,38.582466
48121,4,30.7,33.34831
48125,4,37.4,40.80458
48127,4,49.9,44.97811
48153,4,41.1,40.717957
48169,4,41.2,39.193653
48173,4,34.2,33.041195
48185,4,41.6,39.862263
48191,4,41.1,39.592175
48201,4,35.2,36.2713
48217,4,37.1,39.217915
48223,4,37.6,39.376575
48229,4,42.8,37.84975
48231,4,41.8,39.42147
48237,4,38.1,39.35859
48247,4,44.9,44.682846
48261,4,47.3,40.655964
48267,4,37.6,33.54254
48277,4,38.6,40.15835
48281,4,38.3,37.253258
48283,4,44.2,42.608097
48287,4,38.6,39.91252
48293,4,40.1,39.754192
48295,4,37.7,39.014698
48301,4,32.6,35.634487
48307,4,39.3,37.785107
48331,4,37.5,38.880726
48343,4,40.6,39.352047
48347,4,40.6,40.216087
48367,4,36.8,36.557495
48379,4,37.5,36.546627
48385,4,41.3,36.02244
48403,4,38.6,37.79418
48417,4,38.1,38.51036
48419,4,40.9,40.735542
48421,4,37.9,40.05918
48423,4,39.7,39.118057
48425,4,33.2,33.807507
48433,4,38.6,37.274292
48441,4,36.5,39.570656
48443,4,35.8,36.688057
48445,4,42.8,41.746372
48447,4,37.9,37.123592
48453,4,29.4,29.371424
48457,4,40.3,38.618492
48475,4,40.8,37.92717
48485,4,38.9,38.538033
48491,4,29.6,34.075058
48497,4,40.4,37.94111
49013,4,33.0,36.86619
49017,4,36.3,34.373978
49019,4,30.9,35.3613
49021,4,33.3,37.275833
49023,4,34.4,37.987587
49029,4,31.8,31.554125
49031,4,35.5,38.280785
50003,4,28.3,32.017826
50019,4,32.9,37.255283
50023,4,26.8,33.427914
51015,4,37.8,36.57127
51019,4,35.2,36.520718
51029,4,41.3,39.927692
51041,4,37.7,36.881035
51081,4,46.2,44.153446
51101,4,38.5,35.333923
51107,4,28.6,28.77118
51111,4,42.7,39.555237
51131,4,41.8,37.87546
51135,4,44.4,41.465313
51155,4,35.6,37.42179
51165,4,34.9,38.163216
51175,4,42.4,39.262093
51187,4,38.1,37.75951
51510,4,29.5,25.014084
51550,4,41.2,35.231457
51580,4,38.8,40.72912
51595,4,47.1,46.059143
51630,4,38.2,31.462358
51735,4,33.2,31.905586
51770,4,36.4,37.89223
53021,4,39.7,38.303535
53045,4,37.7,33.004147
53047,4,38.6,35.111767
54005,4,41.5,43.270008
54025,4,42.8,39.62337
54027,4,42.0,38.722027
54047,4,44.3,42.58507
54059,4,41.1,44.702225
54063,4,40.8,40.283962
54101,4,37.9,42.341938
55001,4,38.6,35.61445
55031,4,40.4,37.410244
55039,4,41.7,37.40804
55055,4,39.6,36.507053
55065,4,39.5,37.942085
55073,4,35.9,34.980934
55085,4,38.5,36.1456
55129,4,35.7,37.35889
56007,4,36.2,35.26644
56013,4,37.9,38.758663
56021,4,34.3,36.818466
01003,5,36.8,36.40953
01009,5,37.3,39.449978
01023,5,45.8,44.091705
01033,5,40.9,38.735683
01039,5,44.6,40.150646
01043,5,39.7,39.05816
01069,5,37.5,41.13774
01071,5,38.6,39.72658
01073,5,39.7,40.567917
01077,5,36.5,38.51355
01093,5,39.5,39.898468
01101,5,44.6,42.69568
01129,5,41.5,41.902725
02070,5,37.2,38.47991
02195,5,30.4,36.017807
02198,5,37.6,39.70007
02282,5,32.6,32.822105
04003,5,32.9,36.014618
04012,5,35.9,37.232132
05005,5,41.3,35.159153
05009,5,39.4,37.121326
05015,5,35.6,34.70324
05021,5,38.1,41.67614
05031,5,37.5,39.355232
05037,5,38.5,41.46458
05043,5,41.6,41.746265
05063,5,39.6,40.442753
05069,5,44.5,43.918674
05083,5,37.7,39.988567
05085,5,38.0,38.323524
05097,5,39.8,36.357147
05099,5,41.5,43.00933
05121,5,37.4,41.026737
05137,5,37.2,39.89936
05149,5,38.7,40.36905
06005,5,27.3,31.061283
06007,5,31.5,33.527485
06021,5,34.1,37.461094
06027,5,29.9,31.428295
06029,5,35.9,38.351295
06031,5,31.9,39.00502
06039,5,35.2,39.357502
06059,5,25.7,24.310194
06077,5,33.8,32.12411
06095,5,32.8,29.92787
06109,5,31.0,32.725674
08001,5,34.0,35.841484
08015,5,25.3,32.11038
08033,5,27.4,34.737206
08037,5,22.6,24.303167
08045,5,26.7,30.566444
08077,5,30.3,32.79259
08095,5,30.6,38.23967
08111,5,27.4,32.07054
12009,5,32.9,33.8137
12037,5,37.6,38.789642
12047,5,39.5,43.43074
12051,5,38.6,41.24669
12087,5,29.7,30.278025
12113,5,31.1,35.70246
12131,5,31.1,33.789814
12133,5,41.1,40.53236
13023,5,42.0,40.24298
13025,5,39.2,41.13801
13031,5,39.1,38.88232
13033,5,44.8,43.872005
13035,5,40.2,38.546406
13039,5,38.1,38.209846
13043,5,44.0,42.527943
13049,5,42.2,40.94848
13067,5,28.9,32.43189
13077,5,44.1,36.94349
13079,5,41.1,39.299896
13147,5,36.1,37.146076
13153,5,39.3,39.79838
13161,5,41.3,42.14887
13175,5,41.5,42.02244
13181,5,37.5,41.124912
13191,5,41.8,41.648464
13219,5,32.9,32.67204
13221,5,36.0,37.875492
13229,5,39.6,39.978992
13237,5,42.1,38.533443
13243,5,48.6,47.24605
13249,5,38.2,39.769234
13253,5,42.4,43.131744
13265,5,43.3,42.972958
13269,5,42.7,43.718754
13275,5,38.7,41.678925
13293,5,41.7,41.889324
13319,5,43.6,42.586143
15003,5,26.2,26.272654
16005,5,36.8,37.583565
16013,5,25.5,28.279
16031,5,38.6,37.169033
16037,5,32.8,34.07522
16039,5,36.5,40.009327
16051,5,37.2,36.084232
16061,5,36.2,37.192204
16073,5,34.6,36.52484
16085,5,33.5,31.537933
17015,5,36.0,37.111515
17025,5,38.3,38.758354
17037,5,35.7,36.85848
17041,5,36.7,36.8975
17057,5,39.3,40.02662
17071,5,37.2,37.724834
17075,5,38.3,37.57583
17079,5,35.0,39.15053
17091,5,40.3,38.137653
17095,5,38.8,38.435432
17103,5,37.5,36.273838
17105,5,38.2,38.90428
17107,5,38.8,37.351574
17117,5,38.1,38.74188
17121,5,38.5,39.146473
17129,5,35.3,39.02974
17137,5,37.3,37.36661
17141,5,35.9,37.493874
17143,5,35.6,37.650066
17151,5,37.7,38.527294
17175,5,37.7,38.642113
17187,5,37.7,36.139275
17191,5,37.1,39.996037
17193,5,38.1,39.782753
18017,5,40.3,38.036865
18019,5,41.2,37.23463
18025,5,41.0,40.113483
18027,5,38.3,39.22295
18039,5,42.5,38.324966
18047,5,37.7,38.084435
18055,5,40.5,38.723343
18077,5,38.4,37.293537
18085,5,39.5,36.334126
18101,5,39.6,39.09672
18115,5,38.1,36.018017
18121,5,38.3,40.6205
18127,5,37.0,34.47334
18147,5,35.7,38.813652
18153,5,38.1,40.907566
18159,5,36.1,36.852005
18167,5,41.0,39.357533
18171,5,36.5,37.361115
18179,5,40.7,38.143394
19005,5,38.3,38.63408
19019,5,40.6,39.514927
19027,5,42.0,38.9737
19031,5,38.3,38.483677
19045,5,40.9,38.536358
19067,5,42.8,38.725384
19083,5,39.2,38.148537
19087,5,40.9,37.538788
19093,5,37.3,39.533768
19097,5,41.8,39.643215
19103,5,30.9,32.08156
19107,5,40.1,39.54078
19111,5,40.9,39.153976
19137,5,39.8,38.606853
19139,5,37.8,38.502254
19143,5,40.1,37.434723
19145,5,43.9,37.790833
19157,5,42.3,36.16907
19163,5,39.2,36.989033
19177,5,41.0,39.78052
19181,5,42.1,36.8782
19189,5,39.0,37.091343
19191,5,36.5,32.870895
19193,5,38.5,38.68405
19197,5,41.8,37.695606
20007,5,41.9,37.83646
20027,5,40.1,37.17839
20029,5,41.5,40.063786
20031,5,39.5,37.65673
20079,5,37.3,35.81154
20095,5,40.7,37.28643
20105,5,41.2,39.49386
20145,5,41.5,37.98468
20147,5,37.6,38.640327
20149,5,31.2,36.625153
20151,5,38.7,39.22038
20153,5,41.5,37.84566
20157,5,38.2,39.363483
20159,5,36.9,39.37238
20181,5,40.5,38.685333
20183,5,41.0,39.18784
20189,5,40.3,38.08769
20193,5,34.3,37.875305
20199,5,40.6,37.787525
21011,5,38.4,41.303642
21013,5,44.2,42.91504
21019,5,40.8,41.275856
21021,5,38.0,38.317375
21045,5,41.4,42.40984
21053,5,39.6,42.111237
21059,5,35.6,38.7192
21061,5,42.7,40.973846
21069,5,41.0,41.89112
21071,5,39.9,43.633793
21085,5,42.2,41.531128
21105,5,40.8,39.412483
21119,5,42.5,44.045815
21131,5,43.7,43.59126
21147,5,43.2,43.265305
21149,5,39.8,39.82494
21153,5,44.8,43.184647
21159,5,43.3,41.956203
21161,5,40.0,40.20907
21167,5,38.4,39.52512
21181,5,40.2,40.818264
21183,5,40.3,40.664253
21191,5,39.9,40.03695
21193,5,41.0,42.22076
21213,5,41.0,39.48564
21219,5,39.6,41.492535
22019,5,43.0,39.863823
22027,5,45.1,43.84542
22033,5,37.9,40.463264
22041,5,45.1,44.7862
22047,5,45.7,42.82044
22049,5,40.6,42.08191
22061,5,42.0,42.949265
22067,5,44.7,45.212215
22069,5,45.0,43.32697
22071,5,38.1,41.114155
22083,5,43.3,44.492306
22085,5,46.4,41.136993
22089,5,37.3,39.211525
22093,5,43.9,41.114273
22095,5,43.8,41.115566
22097,5,48.4,44.078682
22099,5,40.9,42.013958
22101,5,44.6,42.242767
22105,5,42.3,41.64159
22113,5,39.1,39.810455
22121,5,40.6,40.340416
22123,5,41.0,41.522594
23021,5,35.8,36.396664
23027,5,33.5,36.88215
23029,5,37.7,37.730724
24013,5,31.5,34.557976
24025,5,34.8,34.7667
24041,5,31.7,31.075493
24510,5,38.5,37.651
25005,5,33.0,33.78372
25009,5,30.8,31.101835
25011,5,25.8,32.892418
25015,5,27.7,30.426922
25017,5,22.1,28.175905
25019,5,28.3,27.878708
26007,5,38.7,38.16364
26029,5,36.6,34.535755
26039,5,38.2,37.447613
26067,5,38.7,38.33939
26087,5,35.5,36.6805
26103,5,32.0,37.480366
26117,5,39.2,39.102295
26135,5,36.9,38.85236
26141,5,35.9,37.591545
26145,5,43.0,39.682777
26147,5,40.8,37.60214
26153,5,37.5,36.140568
26165,5,38.2,38.406723
27011,5,42.6,38.301327
27035,5,38.6,37.174397
27041,5,38.6,36.923542
27079,5,38.7,36.91883
27083,5,45.5,35.597897
27095,5,42.6,36.926403
27113,5,30.5,39.1529
27117,5,39.5,38.81291
27121,5,38.1,38.6531
27125,5,36.8,39.334545
27155,5,38.3,38.10197
27163,5,30.9,31.82289
27167,5,41.1,38.14928
28013,5,41.9,42.6083
28029,5,46.3,43.346695
28031,5,41.4,42.264294
28043,5,45.0,44.00229
28045,5,36.3,39.05656
28081,5,40.6,39.810818
28089,5,37.2,38.360718
28091,5,44.1,43.537354
28093,5,44.4,44.38854
28099,5,42.4,42.07188
28103,5,47.0,48.86664
28153,5,45.5,44.550377
29005,5,39.4,39.231197
29007,5,40.2,40.376602
29013,5,38.3,39.92166
29017,5,41.2,39.460556
29019,5,33.1,36.38504
29033,5,38.9,39.19634
29039,5,42.0,39.906635
29041,5,36.2,39.70354
29049,5,38.2,37.962868
29057,5,44.5,38.946262
29079,5,39.7,39.98271
29081,5,42.5,40.126225
29087,5,39.6,40.08104
29089,5,40.0,39.995445
29093,5,39.4,40.63277
29103,5,38.9,40.33857
29105,5,44.1,40.105003
29107,5,38.9,39.11993
29111,5,39.9,41.144966
29117,5,38.6,39.9347
29129,5,42.4,39.47662
29133,5,44.5,42.366188
29145,5,36.9,38.70967
29185,5,41.1,40.34842
29187,5,40.0,40.07017
29189,5,33.4,35.85038
29209,5,40.0,36.348686
29221,5,39.0,42.114418
29229,5,40.9,42.00877
30009,5,29.0,32.208195
30013,5,35.6,38.566864
30025,5,33.5,35.8339
30069,5,32.8,36.42763
30079,5,36.5,35.157604
30081,5,32.7,33.14358
30087,5,39.7,37.699753
30089,5,35.3,35.74071
30091,5,32.7,34.910027
30095,5,31.9,32.280907
30105,5,36.1,36.759933
31003,5,40.8,38.370514
31005,5,39.0,37.08894
31029,5,38.5,38.01414
31033,5,41.2,36.049957
31035,5,44.2,37.40226
31059,5,38.9,38.517803
31063,5,40.6,37.331863
31065,5,41.4,39.45533
31067,5,42.6,38.613438
31071,5,37.9,38.073685
31073,5,38.7,36.43161
31077,5,38.1,37.141808
31079,5,38.0,38.77183
31081,5,41.7,38.885033
31093,5,38.1,38.11166
31097,5,40.3,38.36231
31099,5,38.3,36.34713
31103,5,39.8,36.461136
31115,5,38.7,35.558598
31117,5,40.8,37.115387
31121,5,40.1,37.16599
31137,5,43.2,36.927826
31151,5,40.8,38.086246
31173,5,48.8,40.24575
31175,5,40.2,39.50913
32023,5,32.0,34.920635
33001,5,30.3,30.385275
33003,5,28.5,31.691967
33005,5,31.2,34.30442
34003,5,25.8,24.76983
34013,5,29.1,32.838615
34029,5,33.2,36.75669
34031,5,31.7,31.756323
34037,5,29.3,30.457739
34041,5,29.1,30.279894
35011,5,33.1,34.5428
35015,5,39.1,37.669395
35021,5,35.0,36.572536
35027,5,30.5,32.260853
35033,5,37.0,35.885616
35041,5,34.3,39.69402
35053,5,35.0,35.97524
35059,5,35.4,38.854053
36001,5,33.5,33.736122
36005,5,37.2,41.04892
36013,5,34.7,37.841396
36041,5,37.3,35.173378
36045,5,37.4,37.241463
36065,5,38.2,36.484894
36071,5,37.3,35.341908
36085,5,29.4,27.38919
36121,5,35.8,35.98313
37003,5,33.8,37.62845
37015,5,43.5,45.93457
37019,5,30.9,34.00918
37025,5,34.6,35.627293
37033,5,35.5,40.95507
37041,5,39.4,40.598007
37047,5,39.2,42.28628
37073,5,37.3,38.814075
37081,5,33.5,35.65457
37095,5,39.2,40.171024
37097,5,33.5,37.150974
37145,5,40.5,39.566593
37151,5,32.5,37.644135
37153,5,39.8,42.70137
37173,5,36.8,38.74249
37183,5,25.6,32.00706
37197,5,36.1,37.65374
37199,5,32.3,35.906048
38007,5,35.9,34.836258
38027,5,39.7,38.374603
38031,5,39.9,36.349323
38047,5,38.2,37.838165
38089,5,39.3,38.53034
39005,5,40.5,38.542557
39011,5,42.6,38.607826
39023,5,41.8,38.828712
39027,5,41.6,38.920097
39041,5,32.2,31.26975
39051,5,42.4,37.746834
39053,5,40.1,41.983753
39059,5,41.5,41.325535
39065,5,45.3,39.558136
39069,5,42.8,37.35931
39077,5,41.9,38.756786
39081,5,40.1,39.85615
39093,5,39.6,36.939274
39099,5,39.7,39.46391
39105,5,48.7,42.253555
39131,5,40.6,42.170567
39139,5,39.8,39.637516
39147,5,47.1,38.766136
40023,5,45.4,41.793903
40031,5,43.8,39.445065
40035,5,43.6,40.69354
40039,5,38.8,39.6667
40045,5,41.2,38.184376
40065,5,42.7,39.202126
40073,5,41.3,38.937927
40091,5,42.1,39.176384
40117,5,40.7,38.87595
40135,5,41.2,41.093845
40147,5,41.6,38.630238
40149,5,40.7,39.895035
40151,5,40.7,38.675724
40153,5,42.0,38.710056
41009,5,36.9,31.756784
41013,5,33.0,33.691532
41027,5,30.5,34.0584
41033,5,32.8,34.63987
41047,5,39.4,37.852283
41069,5,35.3,34.377167
42001,5,37.3,34.224354
42005,5,37.9,37.93649
42033,5,36.9,37.240482
42037,5,37.2,36.131065
42055,5,39.2,36.398994
42057,5,36.0,39.050373
42061,5,35.8,37.432983
42081,5,35.6,37.510376
42083,5,36.3,39.07043
42115,5,33.2,36.89946
42127,5,35.2,34.104134
42129,5,31.4,36.53944
44003,5,32.9,33.745552
45005,5,44.5,47.965706
45017,5,38.4,43.154617
45031,5,41.4,43.426807
45035,5,36.4,38.652245
45037,5,39.1,39.612213
45045,5,30.0,36.634274
45055,5,36.5,39.73678
45069,5,46.0,45.05467
45087,5,42.9,42.57899
46015,5,36.8,37.474358
46019,5,34.9,37.888092
46029,5,39.8,36.831837
46063,5,33.7,37.859726
46065,5,34.8,37.105103
46069,5,35.2,36.133244
46075,5,35.5,38.164577
46079,5,35.8,35.340786
46083,5,32.6,35.63273
47013,5,39.2,40.88608
47023,5,39.2,40.624184
47025,5,41.1,41.167328
47027,5,39.4,40.926567
47029,5,41.5,41.183834
47047,5,36.8,37.92169
47049,5,40.1,40.11956
47057,5,38.0,39.447456
47059,5,38.0,37.88413
47067,5,42.6,42.48069
47069,5,47.5,43.338665
47117,5,40.1,38.610203
47129,5,40.2,41.32703
47137,5,39.8,39.04108
47141,5,38.4,37.72072
47143,5,39.3,40.271614
47163,5,40.7,39.44657
47167,5,39.4,38.941723
47181,5,40.3,40.792213
48005,5,41.1,40.04932
48009,5,36.1,38.241856
48011,5,34.4,36.525387
48015,5,36.3,38.565475
48017,5,37.9,41.61828
48033,5,33.2,38.202267
48043,5,35.9,37.119358
48047,5,45.0,44.08749
48057,5,36.7,35.39004
48061,5,47.6,42.179398
48081,5,39.6,37.958374
48083,5,38.2,38.272617
48085,5,28.6,30.623407
48087,5,39.4,39.955208
48099,5,37.7,38.532803
48105,5,38.6,38.03038
48107,5,41.3,40.937172
48113,5,34.8,35.985813
48147,5,37.8,38.400085
48149,5,36.0,36.45484
48159,5,34.5,38.49366
48165,5,40.3,39.97473
48177,5,39.5,40.80785
48193,5,37.5,36.21964
48195,5,36.8,39.085403
48203,5,39.9,39.70576
48219,5,41.3,40.954117
48227,5,41.6,38.982506
48241,5,40.7,40.286903
48249,5,42.6,41.605316
48257,5,37.5,37.98665
48289,5,37.6,38.234676
48297,5,40.9,36.45057
48319,5,36.3,37.491028
48323,5,45.2,41.70853
48329,5,38.4,36.5232
48349,5,42.3,40.54966
48353,5,41.8,40.452717
48355,5,44.0,37.339497
48359,5,36.7,37.579113
48361,5,41.6,38.12301
48371,5,42.0,42.1984
48375,5,38.6,39.67491
48377,5,44.2,38.976044
48397,5,34.9,33.287945
48427,5,47.8,44.611797
48431,5,36.7,38.995777
48435,5,41.6,38.147816
48437,5,42.8,42.096645
48439,5,37.7,35.92785
48463,5,41.6,39.7843
48471,5,42.2,40.019657
48503,5,38.7,39.06078
49007,5,35.0,38.84712
49015,5,34.5,37.241352
49041,5,35.1,36.898952
49053,5,29.1,35.023125
49055,5,33.2,36.4253
49057,5,34.4,37.569126
50001,5,26.4,30.953148
50011,5,31.1,36.51362
50025,5,26.0,31.849718
51003,5,31.7,31.665405
51007,5,43.0,37.762276
51023,5,35.7,36.154034
51035,5,38.9,38.938778
51047,5,38.2,36.637924
51053,5,38.2,40.64171
51061,5,33.4,33.431763
51071,5,36.9,38.3703
51083,5,43.1,42.168808
51093,5,38.9,35.573177
51099,5,35.2,36.305027
51139,5,40.2,37.514347
51159,5,38.6,39.205276
51161,5,34.2,36.419647
51181,5,39.4,38.99581
51191,5,37.2,37.633293
51193,5,41.7,36.83486
51197,5,38.4,40.05919
51530,5,40.1,39.74291
51620,5,46.9,43.20174
51683,5,35.1,32.078964
51685,5,37.4,35.488434
51690,5,44.5,42.989204
51710,5,40.0,35.63998
51730,5,46.5,45.50254
51750,5,38.1,39.504967
51775,5,35.2,35.87926
51840,5,37.9,36.753094
53003,5,34.8,35.118088
53007,5,28.8,32.73831
53019,5,36.1,37.544975
53023,5,36.6,35.72133
53025,5,42.0,36.741505
53039,5,32.5,31.56743
53049,5,36.5,31.210146
53053,5,35.8,31.126076
53063,5,34.0,36.495716
53069,5,40.3,34.45208
53077,5,42.0,37.135777
54009,5,39.8,38.724422
54021,5,40.3,40.884262
54033,5,40.4,38.681847
54037,5,34.8,33.47506
54041,5,40.5,39.333626
54043,5,44.7,42.50402
54045,5,41.0,43.51967
54053,5,44.3,41.621445
54067,5,39.4,39.066532
54087,5,39.8,41.194016
55003,5,38.0,37.678776
55007,5,37.5,34.388073
55011,5,40.1,36.701813
55017,5,40.0,38.652054
55021,5,38.7,36.54059
55023,5,39.1,38.53926
55029,5,37.2,30.950132
55037,5,40.1,34.847828
55043,5,40.5,39.166096
55045,5,40.2,37.77311
55047,5,41.3,35.40191
55053,5,44.5,39.186466
55059,5,43.2,36.335407
55067,5,39.7,37.424324
55071,5,43.5,36.52852
55091,5,39.3,38.867714
55103,5,41.8,38.174706
55107,5,36.8,39.22897
55109,5,33.6,34.10184
55113,5,41.1,37.21181
55115,5,45.0,35.813618
55135,5,36.7,35.23372
55139,5,39.6,36.306522
55141,5,40.9,36.342587
56005,5,35.0,33.17757
56029,5,33.2,30.89227
